scenario,policy,objective,imbalance_exposure,B_crossed_mol,B_crossed_fraction,gate_penalty,conservation_relative,final_imbalance
quiet,static,0.13707094500707895,0.0,0.007538901975389342,0.06853547250353947,0.0,6.308085367188389e-16,0.0
quiet,timer,0.12257911400895825,0.0,0.006741788319259675,0.061288984720542505,1.1445678732372722e-06,1.13545536609391e-15,0.0
quiet,schedule,0.12551086098564165,0.0,0.006903018528531622,0.06275471389574201,1.433194157632154e-06,1.13545536609391e-15,0.0
quiet,feedback,0.009654658658978398,0.0,0.0005310062261777772,0.004827329328888884,1.200629444292875e-12,3.7848512203130338e-16,0.0
nominal_positive,static,0.3529934404487603,0.2159224967889314,0.007538901901290589,0.06853547182991444,0.0,6.938893903907228e-16,80.85183130393557
nominal_positive,timer,0.29481749219551695,0.17223837469082415,0.006741788511499688,0.061288986468178985,1.1445683348305509e-06,1.3877787807814457e-15,105.19421570899976
nominal_positive,schedule,0.2766844017690768,0.1511735421485494,0.006903018453412042,0.06275471321283674,1.4331948539780308e-06,1.5139404881252135e-15,99.78509385933057
nominal_positive,feedback,0.17011882381457452,0.06781448310448107,0.005622288182940791,0.05111171075400719,8.091920207906221e-05,1.942890293094024e-15,150.85667080253165
nominal_negative,static,0.3529934404487603,0.2159224967889314,0.007538901901290589,0.06853547182991444,0.0,6.938893903907228e-16,-80.85183130393557
nominal_negative,timer,0.29481749219551695,0.17223837469082415,0.006741788511499688,0.061288986468178985,1.1445683348305509e-06,1.3877787807814457e-15,-105.19421570899976
nominal_negative,schedule,0.2766844017690768,0.1511735421485494,0.006903018453412042,0.06275471321283674,1.4331948539780308e-06,1.5139404881252135e-15,-99.78509385933057
nominal_negative,feedback,0.17011882381457435,0.06781448310448093,0.005622288182940791,0.05111171075400719,8.091920207906236e-05,1.942890293094024e-15,-150.85667080253222
