suite,scenario,policy,objective,imbalance_exposure,B_crossed_mol,B_crossed_fraction,gate_penalty,conservation_relative,final_imbalance
training,initial_positive,static,0.3529934404487603,0.2159224967889314,0.007538901901290589,0.06853547182991444,0.0,6.938893903907228e-16,80.85183130393557
training,initial_positive,timer,0.29481749219551695,0.17223837469082415,0.006741788511499688,0.061288986468178985,1.1445683348305509e-06,1.3877787807814457e-15,105.19421570899976
training,initial_positive,schedule,0.2766844017690768,0.1511735421485494,0.006903018453412042,0.06275471321283674,1.4331948539780308e-06,1.5139404881252135e-15,99.78509385933057
training,initial_positive,feedback,0.17011882381457452,0.06781448310448107,0.005622288182940791,0.05111171075400719,8.091920207906221e-05,1.942890293094024e-15,150.85667080253165
training,initial_negative,static,0.2214156689332773,0.08434472527344775,0.007538901901290626,0.06853547182991478,0.0,8.326672684688674e-16,-50.53239456481322
training,initial_negative,timer,0.18985973258417368,0.06728061507959096,0.006741788511494439,0.06128898646813127,1.1445683202034729e-06,1.766263902812749e-15,-65.74638482356295
training,initial_negative,schedule,0.1845630241921796,0.059052164571726476,0.006903018453405739,0.06275471321277944,1.4331948942232527e-06,1.6401021954689813e-15,-62.36568375787772
training,initial_negative,feedback,0.12710365370306023,0.05276801271943971,0.0040844548153716855,0.03713140741246987,7.282615868079311e-05,1.0092936587501424e-15,-152.2011247783422
training,late_positive,static,0.3006831150712337,0.1636121714114002,0.007538901901290844,0.06853547182991676,0.0,9.71445146547012e-16,138.29179173393027
training,late_positive,timer,0.25788515349795116,0.13530603599555005,0.006741788511398843,0.061288986467262205,1.1445678767117276e-06,1.1102230246251565e-15,222.0567611348108
training,late_positive,schedule,0.304740455518931,0.17922959590098433,0.00690301845330693,0.06275471321188118,1.4331941842590497e-06,1.3877787807814457e-15,250.00072379119956
training,late_positive,feedback,0.15538008466731193,0.057762538670240775,0.005364550883318451,0.0487686443938041,8.025720946294399e-05,1.5139404881252135e-15,159.39629188439915
training,two_reversals,static,0.30904050031447305,0.1719695577135457,0.0075389018430510055,0.06853547130046368,0.0,8.326672684688674e-16,-149.13396441909038
training,two_reversals,timer,0.3155083951736796,0.19292927768458296,0.0067417885106671885,0.0612889864606108,1.1445678750790513e-06,8.831319514063745e-16,-340.3217866305275
training,two_reversals,schedule,0.29840963766309603,0.17289877804343193,0.006903018453402889,0.06275471321275354,1.4331941570254925e-06,1.6653345369377348e-15,-289.8096795798616
training,two_reversals,feedback,0.21137730027855473,0.06705882843821212,0.0079291836516301,0.07208348774209182,0.00015149635615897258,1.3877787807814457e-15,-167.66594834148395
held_out,unseen_00,static,0.19115925768340664,0.05408831402863585,0.007538901901012394,0.0685354718273854,0.0,8.326672684688674e-16,314.0488176974086
held_out,unseen_00,timer,0.19683146320436287,0.07425234570250219,0.006741788511345331,0.06128898646677573,1.1445683092246102e-06,1.1102230246251565e-15,471.641573518854
held_out,unseen_00,schedule,0.19726514245403012,0.07175428283330841,0.006903018453422087,0.06275471321292805,1.4331948655814091e-06,2.0185873175002848e-15,458.0072321937769
held_out,unseen_00,feedback,0.11321530234319489,0.04596722796654038,0.0036948241876910725,0.03358931079719157,6.945278227137574e-05,1.13545536609391e-15,186.61109713605617
held_out,unseen_01,static,0.15707206510569935,0.0200011214685431,0.007538901900043594,0.06853547181857812,0.0,8.326672684688674e-16,-106.39247668033181
held_out,unseen_01,timer,0.14375619528044625,0.021177077778326035,0.006741788511359553,0.061288986466905025,1.1445683101625059e-06,9.71445146547012e-16,-160.52293363937235
held_out,unseen_01,schedule,0.14942074736784677,0.023909887746572163,0.006903018453454426,0.06275471321322205,1.4331948305154526e-06,1.942890293094024e-15,-147.39164149914689
held_out,unseen_01,feedback,0.03220702754275927,0.022125002688237447,0.0005545113655407911,0.005041012414007192,2.650743699035956e-11,1.6653345369377348e-15,-108.27745897476154
held_out,unseen_02,static,0.23605813762617245,0.0989871939688506,0.007538901901152702,0.06853547182866092,0.0,6.308085367188389e-16,439.45462736194884
held_out,unseen_02,timer,0.2236243195578217,0.10104520205547696,0.006741788511395846,0.06128898646723496,1.1445678748074e-06,1.1102230246251565e-15,576.0996860936256
held_out,unseen_02,schedule,0.23215472858998767,0.10664386897264487,0.0069030184532752155,0.06275471321159287,1.4331941570490044e-06,1.3877787807814457e-15,584.4947533724712
held_out,unseen_02,feedback,0.19634911766165175,0.06169564422939609,0.0073980387368556355,0.0672548976077785,0.00014367821669864961,2.220446049250313e-15,184.4250856650857
held_out,unseen_03,static,0.22458257216355368,0.08751162850431016,0.007538901901258393,0.06853547182962176,0.0,6.938893903907228e-16,191.1391816651493
held_out,unseen_03,timer,0.2399075914744468,0.1173284739716833,0.006741788511418885,0.061288986467444406,1.1445678746699151e-06,1.6653345369377348e-15,387.0212780562117
held_out,unseen_03,schedule,0.2196653587685832,0.09415449915192393,0.00690301845323751,0.06275471321125009,1.4331941591008858e-06,1.942890293094024e-15,316.97774195087004
held_out,unseen_03,feedback,0.16006937409204391,0.06389103810284562,0.005285580687009494,0.04805073351826813,7.686895266205287e-05,1.6653345369377348e-15,170.78791545011472
held_out,unseen_04,static,0.16821357594578126,0.03114263250486146,0.007538901889250589,0.0685354717204599,0.0,1.1102230246251565e-15,-49.33132409880125
held_out,unseen_04,timer,0.14784030314373228,0.025261185639420324,0.006741788511480288,0.06128898646800262,1.144568306714296e-06,1.6653345369377348e-15,-55.49053291858138
held_out,unseen_04,schedule,0.14796230876160543,0.022451449140705605,0.006903018453432138,0.06275471321301944,1.4331948609509854e-06,1.942890293094024e-15,-53.56232585745545
held_out,unseen_04,feedback,0.09339528522225914,0.05323646948820579,0.0022079168663762167,0.020071971512511062,1.4872709031220632e-05,1.1102230246251565e-15,-173.11530497478714
held_out,unseen_05,static,0.3396825570362264,0.20261161338286707,0.007538901900934763,0.06853547182667967,0.0,8.326672684688674e-16,420.65493787335254
held_out,unseen_05,timer,0.3497083206633699,0.2271292031610417,0.006741788511396975,0.06128898646724523,1.1445678377543408e-06,8.326672684688674e-16,660.6712326879646
held_out,unseen_05,schedule,0.37490443849208965,0.24939357887074873,0.0069030184534535554,0.06275471321321414,1.4331949126304458e-06,1.3877787807814457e-15,668.9417018020795
held_out,unseen_05,feedback,0.2480427782969723,0.08337718435838186,0.009048024401551603,0.08225476728683276,0.0001560593649249162,1.2616170734376779e-15,179.79931655897792
held_out,unseen_06,static,0.304449796061966,0.1673788524333462,0.007538901899574087,0.06853547181430988,0.0,1.1102230246251565e-15,251.67854539520454
held_out,unseen_06,timer,0.2823993656026094,0.1598202480982554,0.006741788511482589,0.06128898646802354,1.144568306944085e-06,1.942890293094024e-15,413.75063889267085
held_out,unseen_06,schedule,0.3088045247297534,0.18329366510891965,0.006903018453429311,0.06275471321299374,1.433194846242853e-06,8.831319514063745e-16,424.8877562774543
held_out,unseen_06,feedback,0.22223423451933622,0.07581338143812717,0.008045357869266322,0.0731396169933302,0.00014161909454863918,1.8041124150158794e-15,182.01722744371796
held_out,unseen_07,static,0.187482390227469,0.050411446739237795,0.0075389018918527164,0.0685354717441156,0.0,5.551115123125783e-16,20.328635108866706
held_out,unseen_07,timer,0.1681497498532998,0.04557063249289229,0.006741788503589331,0.06128898639626665,1.1445678742235669e-06,1.5139404881252135e-15,55.65123615310699
held_out,unseen_07,schedule,0.16866851047362233,0.04315765089247852,0.006903018451284233,0.06275471319349303,1.433194157735176e-06,1.6653345369377348e-15,62.44072598704156
held_out,unseen_07,feedback,0.1044846112972617,0.040092291851567,0.0035378448001916873,0.032162225456288066,6.786853311857673e-05,1.3877787807814457e-15,132.47652990811105
held_out,unseen_08,static,0.2154177615711039,0.0783468179525105,0.0075389018990226365,0.0685354718092967,0.0,6.938893903907228e-16,261.43156359591285
held_out,unseen_08,timer,0.2421168227157139,0.11953770524707541,0.0067417885095181415,0.06128898645016492,1.144568308632476e-06,1.1102230246251565e-15,476.21624036200603
held_out,unseen_08,schedule,0.23861982267232484,0.11310896305997234,0.0069030184529619495,0.062754713208745,1.4331948625173045e-06,1.3877787807814457e-15,456.00217250936873
held_out,unseen_08,feedback,0.12785553583314557,0.04637759058576974,0.004477324297392238,0.040702948158111256,7.204893115329974e-05,1.2490009027033011e-15,178.06889915413888
held_out,unseen_09,static,0.2721082634821118,0.13503731983797992,0.007538901900427254,0.06853547182206594,0.0,6.308085367188389e-16,175.21995670691933
held_out,unseen_09,timer,0.25264094548507665,0.1300618280150557,0.006741788509617917,0.06128898645107197,1.1445678770516655e-06,1.3877787807814457e-15,319.5900558416496
held_out,unseen_09,schedule,0.27102563953566955,0.14551477992964576,0.006903018452655718,0.06275471320596107,1.4331941016669349e-06,9.71445146547012e-16,303.04534987378383
held_out,unseen_09,feedback,0.1792457122862152,0.05845393233964913,0.006636266636282889,0.06032969669348081,0.00013238655960442916,1.6401021954689813e-15,175.71211465441422
held_out,unseen_10,static,0.3043589228456547,0.16728797918787858,0.007538901901177685,0.06853547182888804,0.0,7.5697024406260675e-16,104.1266787821188
held_out,unseen_10,timer,0.2536559269403119,0.1310768094376467,0.0067417885113897884,0.061288986467179896,1.1445683053958796e-06,3.3306690738754696e-15,151.52568712989216
held_out,unseen_10,schedule,0.26773975283054297,0.14222889321181267,0.006903018453313083,0.06275471321193711,1.43319485608241e-06,1.766263902812749e-15,165.33262360928734
held_out,unseen_10,feedback,0.20077842037690294,0.06937488445139837,0.007221228076317449,0.06564752796652226,0.00010847999246002549,1.3877787807814457e-15,156.41456183051184
held_out,unseen_11,static,0.20551169584249657,0.0684407521856516,0.007538901901126473,0.06853547182842248,0.0,6.938893903907228e-16,-231.699265410532
held_out,unseen_11,timer,0.21330859338561012,0.09072947588081752,0.006741788511506529,0.06128898646824117,1.144568310262526e-06,9.71445146547012e-16,-407.13249447218413
held_out,unseen_11,schedule,0.21180490381276917,0.08629404419743235,0.006903018453165266,0.06275471321059332,1.4331941501853868e-06,2.7755575615628914e-15,-389.8092363920223
held_out,unseen_11,feedback,0.11458187145321477,0.05732911167562374,0.003147447952081587,0.0286131632007417,2.6433376107634958e-05,1.3877787807814457e-15,-188.80642797586825
held_out,unseen_12,static,0.1886802225987046,0.05160927894720303,0.007538901900832585,0.06853547182575077,0.0,9.71445146547012e-16,67.56001932942831
held_out,unseen_12,timer,0.17463264872364073,0.052053531233132236,0.006741788510745891,0.061288986461326286,1.1445678559157936e-06,1.3877787807814457e-15,124.89789342224014
held_out,unseen_12,schedule,0.1814067636216768,0.05589590400666792,0.006903018453108078,0.06275471321007343,1.4331948620219143e-06,2.3592239273284576e-15,123.91769044176556
held_out,unseen_12,feedback,0.10967095204266376,0.061386225683653615,0.0026552178867722356,0.02413834442520214,8.03750860587203e-06,2.220446049250313e-15,170.5275883555853
held_out,unseen_13,static,0.1820469870227182,0.0449760436021207,0.007538901888132862,0.06853547171029875,0.0,6.308085367188389e-16,-5.020074311013104
held_out,unseen_13,timer,0.15858222206214795,0.036003104561512664,0.006741788511276511,0.0612889864661501,1.1445683350763128e-06,8.326672684688674e-16,23.45762609138353
held_out,unseen_13,schedule,0.1614004520088813,0.03588959116881863,0.006903018520486235,0.06275471382260214,1.4331948584112123e-06,1.8041124150158794e-15,-0.08084300823190915
held_out,unseen_13,feedback,0.1348223651432426,0.047975729333301256,0.004772450562823042,0.043385914207482196,7.480739497697745e-05,1.2490009027033011e-15,68.01841697911402
held_out,unseen_14,static,0.16380306110783943,0.026732117463267858,0.007538901900451436,0.06853547182228578,0.0,9.71445146547012e-16,-134.19794385854766
held_out,unseen_14,timer,0.14886136098301522,0.026282243480377044,0.006741788511411977,0.06128898646738161,1.144567874961033e-06,1.0092936587501424e-15,-200.74342091267238
held_out,unseen_14,schedule,0.1549820202456245,0.029471160629209094,0.006903018453228686,0.06275471321116988,1.4331940756527142e-06,1.766263902812749e-15,-190.5692058103449
held_out,unseen_14,feedback,0.06487231706143777,0.036357667728394986,0.0015682280033810412,0.01425661821255492,1.412907932949873e-06,1.6653345369377348e-15,-99.60897065340328
held_out,unseen_15,static,0.1845609574344564,0.04749001384560065,0.007538901897387067,0.06853547179442789,0.0,7.5697024406260675e-16,-62.128314768337304
held_out,unseen_15,timer,0.17468747751380037,0.05210836008044645,0.006741788507601342,0.06128898643273947,1.1445678749894522e-06,1.1102230246251565e-15,-170.9564208747156
held_out,unseen_15,schedule,0.1699241747463575,0.04441331518802712,0.006903018450029514,0.06275471318208649,1.4331941573917533e-06,1.6401021954689813e-15,-110.85900114556091
held_out,unseen_15,feedback,0.0871520270149001,0.03583453515128184,0.002819607299863963,0.025632793635126938,5.1904593364371224e-05,1.6653345369377348e-15,-120.49541249169886
held_out,unseen_16,static,0.2830956734112018,0.14602472976278638,0.007538901900662846,0.06853547182420769,0.0,1.3877787807814457e-15,-315.87562595009354
held_out,unseen_16,timer,0.2838418122818046,0.1612626947770612,0.006741788511503852,0.06128898646821684,1.1445683097539677e-06,8.831319514063745e-16,-512.8079449281952
held_out,unseen_16,schedule,0.30508775692766243,0.17957689731053433,0.00690301845326412,0.062754713211492,1.4331941441253395e-06,1.942890293094024e-15,-517.1750009890549
held_out,unseen_16,feedback,0.20308666426841598,0.06485729182314497,0.007594466944603371,0.06904060858730336,0.00014815527066431832,1.5265566588595902e-15,-181.62081138015014
held_out,unseen_17,static,0.20054308882056515,0.06347214516183707,0.0075389019012300435,0.06853547182936404,0.0,1.1102230246251565e-15,112.7411320706077
held_out,unseen_17,timer,0.18031723442380357,0.05773811692400927,0.006741788511255564,0.06128898646595968,1.144567874937551e-06,1.6401021954689813e-15,197.03893367464173
held_out,unseen_17,schedule,0.19344843619953653,0.06793757658286563,0.0069030184532382355,0.06275471321125668,1.433194157537238e-06,1.3877787807814457e-15,195.62614033428179
held_out,unseen_17,feedback,0.13344510396945347,0.049989657743957916,0.004585986640708439,0.04169078764280399,7.387093988757528e-05,8.326672684688674e-16,168.30798325062483
held_out,unseen_18,static,0.16334727697782936,0.026276333402051502,0.007538901896667782,0.06853547178788894,0.0,1.2616170734376779e-15,-65.09325952145639
held_out,unseen_18,timer,0.1489851498310671,0.026406032326600853,0.006741788511488699,0.06128898646807908,1.144568308086776e-06,1.5139404881252135e-15,-125.82094668360685
held_out,unseen_18,schedule,0.14780195330523072,0.022291093689731704,0.006903018453178855,0.06275471321071686,1.4331940652844852e-06,2.3592239273284576e-15,-102.6400954645369
held_out,unseen_18,feedback,0.12481682317850548,0.048109235037177726,0.00421488572069698,0.038317142915427094,7.330231047356241e-05,1.3877787807814457e-15,-16.787691435341458
held_out,unseen_19,static,0.24715363434699433,0.11008269069070921,0.007538901901095681,0.06853547182814256,0.0,1.1102230246251565e-15,-391.5548378100473
held_out,unseen_19,timer,0.2996581985890268,0.17707908108563603,0.006741788511429564,0.06128898646754149,1.144568307791264e-06,2.4980018054066022e-15,-667.2614990624636
held_out,unseen_19,schedule,0.2769648883003175,0.15145402868353774,0.006903018453246721,0.06275471321133383,1.4331941121086582e-06,1.5139404881252135e-15,-613.6220810483444
held_out,unseen_19,feedback,0.1762444591819884,0.071479944627131,0.0057578318551283715,0.05234392595571247,7.666264343244576e-05,2.6367796834847468e-15,-181.72324563427048
held_out,unseen_20,static,0.20365009316520777,0.06657914952459575,0.0075389019002336626,0.06853547182030602,0.0,9.71445146547012e-16,170.2454313727353
held_out,unseen_20,timer,0.18890821872628843,0.06632910122401046,0.006741788511392121,0.0612889864672011,1.144567875747561e-06,7.5697024406260675e-16,279.68576575460247
held_out,unseen_20,schedule,0.19048914141224219,0.06497828180521126,0.006903018452708047,0.06275471320643679,1.4331941573387524e-06,1.942890293094024e-15,274.2256631659302
held_out,unseen_20,feedback,0.14859164213875692,0.05385115730680833,0.005204632949686522,0.0473148449971502,0.00011079483764818829,1.0092936587501424e-15,182.26974067696972
held_out,unseen_21,static,0.22181724219255403,0.08474629859409985,0.00753890189791498,0.06853547179922709,0.0,8.326672684688674e-16,-155.39122459336204
held_out,unseen_21,timer,0.19313719524867576,0.07055807774694994,0.006741788511361739,0.0612889864669249,1.1445678760050766e-06,8.831319514063745e-16,-233.56159915776766
held_out,unseen_21,schedule,0.19129166772050993,0.06578080810354958,0.006903018453254049,0.06275471321140044,1.4331941594552196e-06,1.1102230246251565e-15,-233.83098360612485
held_out,unseen_21,feedback,0.12139537474912464,0.04954767921235843,0.003947688131580497,0.035888073923459066,7.15476898480895e-05,1.1102230246251565e-15,-152.78637814343847
held_out,unseen_22,static,0.21966940205733054,0.08259845839890442,0.007538901901213437,0.06853547182921306,0.0,5.551115123125783e-16,444.36256531204265
held_out,unseen_22,timer,0.2316064429058443,0.10902732540359149,0.006741788511391664,0.061288986467196944,1.1445678589264326e-06,1.3877787807814457e-15,629.8061380930733
held_out,unseen_22,schedule,0.2338857953634955,0.10837493574728368,0.006903018453214681,0.06275471321104256,1.4331941266910342e-06,1.2490009027033011e-15,631.0819329047974
held_out,unseen_22,feedback,0.12851870357166045,0.05254955230621822,0.00417424953859232,0.037947723078112,7.370510921823323e-05,1.0092936587501424e-15,183.47218235261562
held_out,unseen_23,static,0.1934805504069615,0.0564096067524118,0.0075389019010002325,0.06853547182727485,0.0,8.326672684688674e-16,-330.53726679082695
held_out,unseen_23,timer,0.1841381327705797,0.06155901526918372,0.006741788511319818,0.0612889864665438,1.1445683083809285e-06,1.5265566588595902e-15,-432.79578542482
held_out,unseen_23,schedule,0.19261271996669255,0.0671018603483343,0.006903018453292233,0.06275471321174757,1.4331948631291511e-06,2.1447490248440522e-15,-443.3479140645396
held_out,unseen_23,feedback,0.15419090579376776,0.06459379362742812,0.004923716066496982,0.04476105514997256,7.500186639452197e-05,1.942890293094024e-15,-185.99171263735786
held_out,unseen_24,static,0.16080446067983098,0.023733517218416263,0.007538901890377809,0.06853547173070736,0.0,1.3877787807814457e-15,-53.54798724792499
held_out,unseen_24,timer,0.1444342471316506,0.021855129628757942,0.00674178851142708,0.06128898646751891,1.1445678548199934e-06,1.6401021954689813e-15,-26.10879439520272
held_out,unseen_24,schedule,0.14612032913877177,0.020609469522344343,0.0069030184532268574,0.06275471321115325,1.4331941208956996e-06,1.13545536609391e-15,-24.84568442470345
held_out,unseen_24,feedback,0.06801515525953368,0.048943262819362725,0.001048952322753617,0.009535930206851064,3.202646882520777e-08,1.1102230246251565e-15,-158.17017584064104
held_out,unseen_25,static,0.1607825001191825,0.023711556531655704,0.007538901897313973,0.06853547179376339,0.0,6.938893903907228e-16,60.01481454352677
held_out,unseen_25,timer,0.1460016553619462,0.023422537859716073,0.00674178851138948,0.061288986467177085,1.1445678759406647e-06,1.1102230246251565e-15,102.47423727475552
held_out,unseen_25,schedule,0.1516578269061855,0.026146967379732294,0.0069030184482761535,0.06275471316614685,1.4331941595102516e-06,1.8041124150158794e-15,86.40144061560761
held_out,unseen_25,feedback,0.04043815786024472,0.02567264922261843,0.0008121022591551524,0.007382747810501385,1.301662352128048e-08,1.0092936587501424e-15,55.287588760756876
held_out,unseen_26,static,0.20734752711680227,0.07027658347064812,0.007538901900538477,0.06853547182307707,0.0,6.308085367188389e-16,-198.97657363062626
held_out,unseen_26,timer,0.2013778351724424,0.07879871766754626,0.006741788511512238,0.061288986468293075,1.144568309980931e-06,2.5232341468753557e-15,-338.25574529258813
held_out,unseen_26,schedule,0.2033259927299837,0.07781513310884916,0.006903018453446904,0.06275471321315367,1.4331948272035355e-06,1.6401021954689813e-15,-330.1834871830729
held_out,unseen_26,feedback,0.11629160484406995,0.05822871457841129,0.003191689467973915,0.029015358799762865,3.217266613292233e-05,1.1102230246251565e-15,-193.82342973750292
held_out,unseen_27,static,0.17824509383204518,0.04117415019270313,0.007538901900163812,0.06853547181967103,0.0,1.5265566588595902e-15,-116.75278974549462
held_out,unseen_27,timer,0.17396707477737874,0.05138795727528129,0.006741788511382093,0.06128898646710994,1.1445678775997244e-06,8.326672684688674e-16,-237.47338808265692
held_out,unseen_27,schedule,0.17324535918251402,0.04773449959209558,0.006903018451794341,0.06275471319813038,1.4331941576889086e-06,1.2616170734376779e-15,-181.23231385546535
held_out,unseen_27,feedback,0.0712961857118268,0.042387406391866826,0.0015899063197604914,0.014453693816004467,1.3916879510422114e-06,2.0185873175002848e-15,-168.16854321621383
held_out,unseen_28,static,0.3310065216988022,0.19393557804138206,0.007538901901158109,0.06853547182871007,0.0,6.308085367188389e-16,123.92336869244707
held_out,unseen_28,timer,0.26791084636724943,0.14533172886721202,0.006741788511244981,0.06128898646586346,1.144568310541522e-06,1.942890293094024e-15,182.41982097954372
held_out,unseen_28,schedule,0.28285025580659484,0.15733939618869866,0.006903018453304212,0.06275471321185648,1.4331941832401453e-06,1.3877787807814457e-15,195.94473468918216
held_out,unseen_28,feedback,0.19525100575490464,0.06379701828724023,0.007222090980026566,0.06565537254569606,0.0001432423762723141,8.831319514063745e-16,161.91135807865987
held_out,unseen_29,static,0.18662919834454939,0.04955825488768411,0.00753890189012759,0.06853547172843263,0.0,1.1102230246251565e-15,-77.38167984191216
held_out,unseen_29,timer,0.1692776044874971,0.04669848698861384,0.006741788511181868,0.061288986465289706,1.1445683038320571e-06,1.13545536609391e-15,-77.38532165487163
held_out,unseen_29,schedule,0.17902839275892132,0.0535175331396052,0.006903018453345074,0.06275471321222795,1.4331948602376477e-06,1.942890293094024e-15,-65.43600301693027
held_out,unseen_29,feedback,0.09932584664980511,0.05245903295237277,0.002577003661288755,0.023427306011715957,1.2201674000426567e-05,2.0816681711721685e-15,-26.716668003234645
held_out,unseen_30,static,0.1731953907693989,0.036124447283516735,0.0075389018917235194,0.06853547174294108,0.0,6.308085367188389e-16,19.06379192525128
held_out,unseen_30,timer,0.1528042184813773,0.030225101146607057,0.006741788502180016,0.06128898638345469,1.1445678608572216e-06,6.308085367188389e-16,14.873461531035446
held_out,unseen_30,schedule,0.15720129069961702,0.031690431125690685,0.006903018450888588,0.06275471318989626,1.4331941338122333e-06,1.2616170734376779e-15,28.336633267392926
held_out,unseen_30,feedback,0.13031338934204698,0.04873545455416797,0.0044825654560492825,0.040750595054993476,7.674467789205194e-05,7.5697024406260675e-16,-138.30505338273633
held_out,unseen_31,static,0.17477802031434364,0.037707076856228414,0.007538901890196338,0.06853547172905762,0.0,8.831319514063745e-16,-20.73959030395895
held_out,unseen_31,timer,0.15880194176587056,0.0362228242633014,0.006741788511407991,0.061288986467345374,1.1445678784248914e-06,1.1102230246251565e-15,-44.84737255206494
held_out,unseen_31,schedule,0.1631345946862731,0.03762373517176329,0.00690301844757807,0.06275471315980063,1.4331949085152197e-06,1.5265566588595902e-15,-51.59262710642156
held_out,unseen_31,feedback,0.07854744970375882,0.04009653296918702,0.00211421351083398,0.019220122825763453,1.0671083044894497e-05,2.0185873175002848e-15,43.7215436476813
smaller_area,unseen_00,static,0.16014967505338928,0.06159480348265725,0.005420517936390263,0.049277435785366024,0.0,7.5697024406260675e-16,358.15564535867054
smaller_area,unseen_00,timer,0.16737232738591498,0.07950118370854102,0.004832849950998482,0.04393499955453166,1.14456831065296e-06,1.942890293094024e-15,484.4646581070558
smaller_area,unseen_00,schedule,0.16688378806861948,0.07685658611393549,0.004951417281789791,0.04501288437990719,1.4331948696206842e-06,1.0092936587501424e-15,473.6246370773049
smaller_area,unseen_00,feedback,0.10721049099679802,0.048313224296663175,0.003235487872376189,0.02941352611251081,7.021447511324496e-05,6.938893903907228e-16,203.05998010535336
smaller_area,unseen_01,static,0.11950991255078598,0.02095504099547971,0.005420517935541845,0.04927743577765314,0.0,8.326672684688674e-16,-110.60529224847949
smaller_area,unseen_01,timer,0.10921771326025914,0.02134656958362989,0.004832849950981304,0.04393499955437549,1.144567878272758e-06,8.326672684688674e-16,-144.9222222653981
smaller_area,unseen_01,schedule,0.11395099002523318,0.023923788072203966,0.004951417281739732,0.045012884379452105,1.433194125005227e-06,1.3877787807814457e-15,-131.63840465465876
smaller_area,unseen_01,feedback,0.029203772486133775,0.02212935451722535,0.00038909298675928394,0.003537208970538945,2.7830535179382712e-11,1.1102230246251565e-15,-108.13275187463682
smaller_area,unseen_02,static,0.22986875292367848,0.13131388134987917,0.005420517936558962,0.04927743578689966,0.0,8.831319514063745e-16,519.0733445180447
smaller_area,unseen_02,timer,0.21866910776462892,0.13079796408509684,0.004832849951141069,0.0439349995558279,1.1445678762918e-06,1.1102230246251565e-15,631.2813563239197
smaller_area,unseen_02,schedule,0.22854155893422393,0.1385143569812211,0.004951417281736565,0.04501288437942332,1.4331941561577447e-06,9.71445146547012e-16,640.0909563057893
smaller_area,unseen_02,feedback,0.19862085376164923,0.07340768493941656,0.006878833175365413,0.06253484704877649,0.0001434747246796688,1.5139404881252135e-15,205.16709330860056
smaller_area,unseen_03,static,0.21779327383630984,0.11923840226143109,0.005420517936618331,0.04927743578743937,0.0,6.938893903907228e-16,269.08206933222846
smaller_area,unseen_03,timer,0.23276399754981975,0.1448928538695087,0.004832849951183996,0.04393499955621815,1.1445678747546557e-06,2.5232341468753557e-15,433.0582456524845
smaller_area,unseen_03,schedule,0.21580342492888038,0.12577622297505514,0.0049514172817817425,0.04501288437983402,1.4331941571775042e-06,3.191891195797325e-15,380.08867645138344
smaller_area,unseen_03,feedback,0.1619861897572114,0.07299340751589314,0.004890438379206868,0.044458530720062436,7.572080119340257e-05,1.3877787807814457e-15,186.2557919381153
smaller_area,unseen_04,static,0.140615079234934,0.04206020779329242,0.005420517929290286,0.04927743572082078,0.0,5.551115123125783e-16,-78.23725364919335
smaller_area,unseen_04,timer,0.12247821877535423,0.0346070750943377,0.004832849951198771,0.043934999556352466,1.1445683115950567e-06,1.3877787807814457e-15,-87.67447217633082
smaller_area,unseen_04,schedule,0.12190603482377509,0.031878832868384485,0.004951417281828801,0.04501288438026183,1.4331948669393897e-06,1.8041124150158794e-15,-85.14247289158618
smaller_area,unseen_04,feedback,0.09471989437034085,0.058723144441451325,0.0019789420025148087,0.017990381841043717,1.5986246802093288e-05,1.766263902812749e-15,-183.75231663561385
smaller_area,unseen_05,static,0.3805896353206234,0.28203476374915076,0.005420517936430993,0.049277435785736304,0.0,5.551115123125783e-16,546.263779416768
smaller_area,unseen_05,timer,0.39083934624039524,0.30296820255953194,0.00483284995119042,0.04393499955627655,1.14456831016598e-06,8.326672684688674e-16,750.1348693337526
smaller_area,unseen_05,schedule,0.41550955230907816,0.3254823503535017,0.004951417281838807,0.045012884380352794,1.4331948708770693e-06,8.326672684688674e-16,757.1879025542445
smaller_area,unseen_05,feedback,0.25382431202576494,0.09896160772770295,0.008509076219726004,0.0773552383611455,0.00015222757577100396,1.3877787807814457e-15,197.55341845055978
smaller_area,unseen_06,static,0.33965456253586385,0.24109969097501324,0.005420517935846784,0.04927743578042531,0.0,6.938893903907228e-16,359.874597710237
smaller_area,unseen_06,timer,0.31927852002842794,0.23140737634760258,0.004832849951188359,0.04393499955625781,1.1445683097645816e-06,1.0092936587501424e-15,505.0900945266018
smaller_area,unseen_06,schedule,0.3472678275843284,0.2572406256287671,0.004951417281839098,0.04501288438035543,1.4331948504809447e-06,1.892425610156517e-15,516.4544875195643
smaller_area,unseen_06,feedback,0.22716757120954598,0.08882843011624776,0.00760075160946705,0.0690977419042459,0.0001436572848064055,1.3877787807814457e-15,194.97455962546826
smaller_area,unseen_07,static,0.1549726479020196,0.05641777644500884,0.0054205179301355915,0.049277435728505375,0.0,7.5697024406260675e-16,14.460865447422407
smaller_area,unseen_07,timer,0.13918297731611023,0.05131183371792325,0.004832849946667244,0.04393499951515676,1.1445678734672603e-06,1.6653345369377348e-15,44.997637613685924
smaller_area,unseen_07,schedule,0.13794016716047386,0.04791296523026543,0.004951417280482688,0.04501288436802443,1.4331941595758757e-06,1.13545536609391e-15,51.09450336680311
smaller_area,unseen_07,feedback,0.0979065738501142,0.040445974262798376,0.0031565319620066538,0.028695745109151398,6.910936901303087e-05,2.901719268906659e-15,124.0170668601005
smaller_area,unseen_08,static,0.18879931689955093,0.09024444536630487,0.0054205179343285335,0.04927743576662303,0.0,6.308085367188389e-16,315.9215444646261
smaller_area,unseen_08,timer,0.21256822772221518,0.12469708408456619,0.004832849948813098,0.04393499953466452,1.144568319958885e-06,1.2490009027033011e-15,486.0176612031793
smaller_area,unseen_08,schedule,0.21033522953484723,0.12030802759028585,0.004951417281233157,0.04501288437484688,1.4331948676262197e-06,1.942890293094024e-15,473.575358592542
smaller_area,unseen_08,feedback,0.12334917072511752,0.05086733567618113,0.003982535535806366,0.0362048685073306,7.209803427516766e-05,3.747002708109903e-15,193.1116403042123
smaller_area,unseen_09,static,0.29049633614066805,0.191941464572626,0.005420517936242314,0.04927743578402104,0.0,5.551115123125783e-16,268.2562416723505
smaller_area,unseen_09,timer,0.27466728752248415,0.18679614385746696,0.004832849950342872,0.043934999548571566,1.144567874024801e-06,1.6653345369377348e-15,400.32503685181973
smaller_area,unseen_09,schedule,0.29613996572229184,0.20611276377455567,0.004951417281450066,0.04501288437681878,1.4331940985987442e-06,2.4980018054066022e-15,392.60285551188974
smaller_area,unseen_09,feedback,0.18241872914359292,0.0682974343716174,0.006269136085906413,0.056992146235512846,0.00013700230094980482,1.942890293094024e-15,187.37550372973215
smaller_area,unseen_10,static,0.32038172365670664,0.22182685208254815,0.005420517936578718,0.04927743578707925,0.0,8.326672684688674e-16,182.59218509138873
smaller_area,unseen_10,timer,0.27218253159362793,0.18431138791434737,0.004832849951103418,0.043934999555485625,1.1445683093091278e-06,1.942890293094024e-15,237.6018643450475
smaller_area,unseen_10,schedule,0.2922991777961897,0.2022719758427966,0.004951417281718994,0.04501288437926358,1.4331948659702445e-06,2.220446049250313e-15,252.93992889137962
smaller_area,unseen_10,feedback,0.20191041869283105,0.08240149695675184,0.006567418204866304,0.05970380186242094,0.0001013180112373292,2.4980018054066022e-15,172.031649212174
smaller_area,unseen_11,static,0.1722105957406229,0.07365572416852255,0.0054205179364655185,0.04927743578605017,0.0,7.5697024406260675e-16,-252.88207170970816
smaller_area,unseen_11,timer,0.17502397769853856,0.08715283401914228,0.0048328499511336755,0.04393499955576068,1.1445678749303172e-06,6.308085367188389e-16,-379.44887601091443
smaller_area,unseen_11,schedule,0.17489703239531812,0.08486983044441289,0.004951417281620593,0.04501288437836903,1.4331941671806618e-06,1.5139404881252135e-15,-365.0021926393158
smaller_area,unseen_11,feedback,0.11035701766296441,0.06188161387917727,0.002664959875512466,0.024226907959204236,2.1587865378669465e-05,1.3877787807814457e-15,-198.8567289766553
smaller_area,unseen_12,static,0.15692249228001098,0.058367620710247814,0.005420517936336974,0.04927743578488158,0.0,5.551115123125783e-16,101.14105345230462
smaller_area,unseen_12,timer,0.14765235329899304,0.05978120962622741,0.00483284995074506,0.04393499955222782,1.1445683099783306e-06,1.6653345369377348e-15,155.4355002298828
smaller_area,unseen_12,schedule,0.15241829953356817,0.06239109758510626,0.004951417281487436,0.04501288437715851,1.4331941448801441e-06,1.3877787807814457e-15,152.49599754419762
smaller_area,unseen_12,feedback,0.10477766079436195,0.06528446520427045,0.0021717727191496038,0.01974338835590549,6.418878280529626e-06,2.7755575615628914e-15,180.26550373651185
smaller_area,unseen_13,static,0.1580812512945276,0.059526379834834976,0.005420517930283094,0.04927743572984631,0.0,8.326672684688674e-16,-37.98372570390313
smaller_area,unseen_13,timer,0.1357812838314022,0.04791014015228319,0.004832849951092978,0.04393499955539071,1.1445683375946597e-06,1.0092936587501424e-15,-28.267049876794886
smaller_area,unseen_13,schedule,0.1388256924156589,0.04879849050926345,0.004951417279134227,0.0450128843557657,1.4331948640630016e-06,1.13545536609391e-15,-42.72949824075647
smaller_area,unseen_13,feedback,0.13164339516456558,0.05235315564591007,0.004356761540048937,0.03960692309135397,7.63933359475958e-05,1.3877787807814457e-15,53.33486800677542
smaller_area,unseen_14,static,0.1294320616680361,0.030877190116598875,0.005420517935329048,0.04927743577571862,0.0,8.326672684688674e-16,-129.14488367824515
smaller_area,unseen_14,timer,0.11617234356375732,0.028301199884364994,0.004832849951133463,0.043934999555758754,1.1445678748159406e-06,8.326672684688674e-16,-170.39670143788953
smaller_area,unseen_14,schedule,0.12201435206872858,0.03198715011612086,0.004951417281719329,0.04501288437926663,1.433194074465223e-06,9.71445146547012e-16,-160.51012483822308
smaller_area,unseen_14,feedback,0.0625903772981109,0.03838692071217301,0.0013311053090857435,0.01210095735532494,1.5418752879965214e-06,1.6401021954689813e-15,-91.80378062885461
smaller_area,unseen_15,static,0.15179619336417965,0.05324132189248864,0.005420517930943006,0.04927743573584551,0.0,8.326672684688674e-16,-58.648883768319024
smaller_area,unseen_15,timer,0.14130586517022384,0.053434721559067526,0.004832849947380475,0.04393499952164068,1.1445678749633974e-06,8.831319514063745e-16,-138.37937710032463
smaller_area,unseen_15,schedule,0.13987320413585866,0.04984600223234488,0.004951417279014772,0.04501288435467975,1.4331941542648406e-06,1.2616170734376779e-15,-89.69165864285458
smaller_area,unseen_15,feedback,0.08334303660063601,0.03766781112300631,0.0025091369066918773,0.022810335515380704,5.4554446868295405e-05,1.942890293094024e-15,-111.92157744330098
smaller_area,unseen_16,static,0.3013429533402995,0.2027880817709397,0.005420517936314786,0.04927743578467987,0.0,8.831319514063745e-16,-421.02133668836086
smaller_area,unseen_16,timer,0.30529862585370926,0.21742748217278998,0.004832849951193569,0.04393499955630518,1.1445683088831234e-06,1.3877787807814457e-15,-591.7361882457207
smaller_area,unseen_16,schedule,0.32538909734040083,0.23536189538473512,0.004951417281843389,0.04501288438039445,1.4331948768544933e-06,2.0816681711721685e-15,-595.3440251513117
smaller_area,unseen_16,feedback,0.20615203116753875,0.07619479436790112,0.007139515567549395,0.06490468697772178,0.00014786284419407187,1.6653345369377348e-15,-196.91972377172544
smaller_area,unseen_17,static,0.18800541417576028,0.08945054260108942,0.005420517936606898,0.049277435787335434,0.0,8.326672684688674e-16,175.95047934313266
smaller_area,unseen_17,timer,0.17273285694412943,0.08486171326562966,0.004832849951084356,0.04393499955531233,1.1445678750809986e-06,1.1102230246251565e-15,257.73359585877415
smaller_area,unseen_17,schedule,0.18595346747653793,0.09592626552372786,0.004951417281725903,0.045012884379326386,1.4331941573090787e-06,8.831319514063745e-16,258.0641438907908
smaller_area,unseen_17,feedback,0.13397931018349485,0.056815224384096114,0.004239799705191678,0.03854363368356071,7.681843227729443e-05,1.13545536609391e-15,181.28630310188248
smaller_area,unseen_18,static,0.13433549065900152,0.035780619138408264,0.005420517933632629,0.04927743576029663,0.0,5.551115123125783e-16,-100.28985846514172
smaller_area,unseen_18,timer,0.12259776292293242,0.03472661924236342,0.0048328499511741205,0.04393499955612837,1.1445683122678785e-06,1.3877787807814457e-15,-151.6045500399871
smaller_area,unseen_18,schedule,0.12097851926259898,0.03095131730770916,0.00495141728180389,0.04501288438003536,1.4331948191027922e-06,1.3877787807814457e-15,-134.1009120518312
smaller_area,unseen_18,feedback,0.11787748301062655,0.05336151595355405,0.003543762474861497,0.032216022498740886,8.392205959071771e-05,1.3877787807814457e-15,-54.25160087697191
smaller_area,unseen_19,static,0.22445960253992842,0.12590473096738236,0.005420517936490032,0.04927743578627302,0.0,9.71445146547012e-16,-455.2461872694863
smaller_area,unseen_19,timer,0.2687613309243359,0.18089018724513517,0.0048328499510989905,0.043934999555445366,1.1445683100230618e-06,1.3877787807814457e-15,-671.9243797971776
smaller_area,unseen_19,schedule,0.2502323159956637,0.1602051140432604,0.00495141728170442,0.04501288437913109,1.4331941411024765e-06,1.3877787807814457e-15,-630.8399458286043
smaller_area,unseen_19,feedback,0.17217397351386568,0.0788892319874229,0.0051265368122967786,0.0466048801117889,7.498130286498936e-05,1.2490009027033011e-15,-199.4522493748799
smaller_area,unseen_20,static,0.18997517053429858,0.09142029896862539,0.005420517936112026,0.0492774357828366,0.0,8.831319514063745e-16,234.0969338938329
smaller_area,unseen_20,timer,0.177237744922517,0.08936660124320081,0.004832849951129268,0.043934999555720625,1.1445678749622126e-06,8.326672684688674e-16,326.59157415236746
smaller_area,unseen_20,schedule,0.18001332660841185,0.08998612466141043,0.004951417281406418,0.04501288437642198,1.43319415747507e-06,2.220446049250313e-15,324.2366664611236
smaller_area,unseen_20,feedback,0.14993379639475174,0.06156618478189028,0.004853735310670856,0.044124866460644147,0.00011787869157317775,2.220446049250313e-15,194.7141877385642
smaller_area,unseen_21,static,0.20588772167234126,0.10733285019608794,0.005420517931193933,0.049277435738126665,0.0,6.938893903907228e-16,-131.4639311320841
smaller_area,unseen_21,timer,0.17506534375471328,0.08719420007566016,0.004832849951114759,0.043934999555588716,1.1445678757050449e-06,1.6653345369377348e-15,-179.63216190481705
smaller_area,unseen_21,schedule,0.17385587533676244,0.08382867338406748,0.004951417281719405,0.04501288437926732,1.4331941603181666e-06,1.2616170734376779e-15,-179.98267097459416
smaller_area,unseen_21,feedback,0.12197563601116083,0.05607280701481574,0.0036206953241334217,0.03291541203757656,7.200492119198318e-05,2.220446049250313e-15,-140.73499296750356
smaller_area,unseen_22,static,0.18760889022044708,0.08905401864700793,0.005420517936539152,0.049277435786719566,0.0,8.831319514063745e-16,480.4804840728533
smaller_area,unseen_22,timer,0.1946211667572809,0.10675002307628229,0.004832849951197779,0.043934999556343446,1.1445683117158036e-06,8.326672684688674e-16,614.5491556093838
smaller_area,unseen_22,schedule,0.19627369502707892,0.10624649307167897,0.004951417281829126,0.04501288438026478,1.4331948703854666e-06,1.2616170734376779e-15,616.16918646847
smaller_area,unseen_22,feedback,0.12412880139971841,0.05711743379522233,0.0036815964002926984,0.033469058184479074,7.325123553792978e-05,7.5697024406260675e-16,200.64101054385617
smaller_area,unseen_23,static,0.16404648808870925,0.06549161651651797,0.0054205179364705215,0.04927743578609565,0.0,1.1102230246251565e-15,-378.08073205889787
smaller_area,unseen_23,timer,0.15825319070673755,0.07038204702823159,0.004832849951060708,0.043934999555097345,1.1445683112778083e-06,1.5265566588595902e-15,-460.94201745225473
smaller_area,unseen_23,schedule,0.16702075892634274,0.07699355697645067,0.004951417281565651,0.04501288437786955,1.4331941529727875e-06,1.8041124150158794e-15,-472.6319793096577
smaller_area,unseen_23,feedback,0.14817849565355135,0.06928656503169787,0.004334956304739269,0.039408693679447895,7.454326295769224e-05,1.766263902812749e-15,-205.01870693248543
smaller_area,unseen_24,static,0.12644954189735422,0.02789467042960069,0.0054205179307264435,0.04927743573387676,0.0,8.326672684688674e-16,-65.56740836654501
smaller_area,unseen_24,timer,0.11272151754258827,0.024850373861786648,0.0048328499511868924,0.043934999556244476,1.1445683126751336e-06,1.2616170734376779e-15,-47.37237464136638
smaller_area,unseen_24,schedule,0.11369925875883548,0.023672056803200992,0.004951417281841986,0.04501288438038169,1.4331948711185906e-06,1.0092936587501424e-15,-45.674919512630595
smaller_area,unseen_24,feedback,0.06577415381663045,0.05148380305687615,0.0007859682981254065,0.007145166346594604,1.8066565096195093e-08,1.1102230246251565e-15,-164.73727651353101
smaller_area,unseen_25,static,0.12348840769577492,0.02493353621278888,0.005420517931564233,0.04927743574149302,0.0,1.2616170734376779e-15,57.79230902931306
smaller_area,unseen_25,timer,0.11216035812756314,0.024289214448238654,0.0048328499511297454,0.04393499955572496,1.1445678745625397e-06,1.3877787807814457e-15,80.47899154510594
smaller_area,unseen_25,schedule,0.11683179149902656,0.026804589600987822,0.004951417278713462,0.04501288435194056,1.4331941576122993e-06,2.0185873175002848e-15,68.75931349462633
smaller_area,unseen_25,feedback,0.03660242691340185,0.025967698284111676,0.0005849094237553782,0.005317358397776166,1.183373783556992e-08,1.2616170734376779e-15,51.644477720503346
smaller_area,unseen_26,static,0.17575984924851484,0.07720497768958591,0.005420517935741091,0.04927743577946447,0.0,1.1102230246251565e-15,-205.09616724474915
smaller_area,unseen_26,timer,0.16693559413949988,0.07906445045990998,0.0048328499511443804,0.043934999555858,1.1445678738920075e-06,6.308085367188389e-16,-301.9687474776897
smaller_area,unseen_26,schedule,0.1697565276696174,0.07972932571683665,0.004951417281726419,0.045012884379331077,1.4331941186066655e-06,8.326672684688674e-16,-293.887898976703
smaller_area,unseen_26,feedback,0.11181670476949349,0.06288000490231463,0.002689702862263746,0.024451844202397693,3.301146238346367e-05,2.7755575615628914e-15,-200.7029649569265
smaller_area,unseen_27,static,0.14175506605512903,0.043200194501289584,0.00542051793546117,0.049277435776919724,0.0,8.326672684688674e-16,-125.42503847247019
smaller_area,unseen_27,timer,0.13662269219594556,0.048751548516150475,0.004832849951155644,0.0439349995559604,1.1445678742810525e-06,1.8041124150158794e-15,-208.276514385753
smaller_area,unseen_27,schedule,0.13787829350200273,0.047851091572768394,0.0049514172804292255,0.04501288436753841,1.433194157518231e-06,1.1102230246251565e-15,-164.99826633905138
smaller_area,unseen_27,feedback,0.06625479635827716,0.04314500853117993,0.0012709660854518118,0.011554237140471015,1.3135461552140838e-06,1.8041124150158794e-15,-165.2344013992115
smaller_area,unseen_28,static,0.37643316535769955,0.2778782937834188,0.005420517936585442,0.04927743578714038,0.0,1.3877787807814457e-15,219.45471556870314
smaller_area,unseen_28,timer,0.31209371193539587,0.22422256825813966,0.004832849951015938,0.043934999554690345,1.1445678755184137e-06,9.71445146547012e-16,286.2950668039257
smaller_area,unseen_28,schedule,0.3324942544349952,0.2424670524816439,0.004951417281754122,0.04501288437958293,1.4331941854564418e-06,1.3877787807814457e-15,299.7061036937821
smaller_area,unseen_28,feedback,0.19929973389757594,0.07538804188152705,0.006807207639165311,0.061883705810593735,0.00014428039486142938,2.220446049250313e-15,175.17234867493107
smaller_area,unseen_29,static,0.15149585169859583,0.05294098024034328,0.005420517930203891,0.04927743572912628,0.0,8.326672684688674e-16,-70.091271785098
smaller_area,unseen_29,timer,0.139382994749335,0.05151185107736341,0.004832849950702089,0.043934999551837176,1.1445682972269357e-06,8.831319514063745e-16,-57.71596639545146
smaller_area,unseen_29,schedule,0.14665212056069438,0.056624918607477134,0.004951417281709335,0.04501288437917578,1.4331948656761508e-06,1.3877787807814457e-15,-45.96011419426418
smaller_area,unseen_29,feedback,0.09396217406317821,0.05522407780144436,0.00212988023754499,0.019362547614045364,1.3001033643116221e-05,1.942890293094024e-15,-20.365782791493984
smaller_area,unseen_30,static,0.14358477600065978,0.04502990451754011,0.005420517931571581,0.04927743574155983,0.0,5.551115123125783e-16,44.36838087194394
smaller_area,unseen_30,timer,0.12586526044983262,0.03799411685105048,0.00483284994667591,0.043934999515235544,1.1445683110527176e-06,5.551115123125783e-16,46.05499282601693
smaller_area,unseen_30,schedule,0.13021572580392357,0.04018852387027366,0.004951417280632754,0.04501288436938867,1.433194872575626e-06,1.766263902812749e-15,58.574718437295815
smaller_area,unseen_30,feedback,0.11841737037554653,0.046056752874795624,0.003975655302452675,0.03614232093138795,7.597563797501359e-05,1.3877787807814457e-15,-117.49972716557488
smaller_area,unseen_31,static,0.1388782954409325,0.04032342398179066,0.005420517930252801,0.04927743572957091,0.0,1.13545536609391e-15,-28.913119958675907
smaller_area,unseen_31,timer,0.12770598033255198,0.039834836651881624,0.004832849951178381,0.0439349995561671,1.1445683361755632e-06,6.938893903907228e-16,-56.72375303602212
smaller_area,unseen_31,schedule,0.13006122409220514,0.04003402219391783,0.004951417278727673,0.04501288435206976,1.4331941477838497e-06,1.5139404881252135e-15,-59.53792897197434
smaller_area,unseen_31,feedback,0.07231221978200783,0.04186905829507927,0.0016739498412711288,0.015217725829737535,7.709827453495183e-06,1.1102230246251565e-15,35.32801577130999
larger_area,unseen_00,static,0.22080551530192583,0.047279967405305955,0.009543905134314093,0.08676277394830993,0.0,6.308085367188389e-16,274.80825300666913
larger_area,unseen_00,timer,0.2235380400140932,0.06790044061137544,0.008560005015892571,0.07781822741720519,1.1445683073775098e-06,1.0092936587501424e-15,454.4286899200016
larger_area,unseen_00,schedule,0.2250759569806114,0.06581058822896865,0.008759516455664649,0.07963196777876953,1.43319410367162e-06,1.6653345369377348e-15,439.12101003468183
larger_area,unseen_00,feedback,0.11918621514011771,0.04424924736848753,0.004117815252667179,0.03743468411515617,6.759954131782917e-05,1.3877787807814457e-15,172.69976770741562
larger_area,unseen_01,static,0.1924438491818684,0.018918301302391353,0.009543905133371238,0.08676277393973852,0.0,8.326672684688674e-16,-99.58629328902907
larger_area,unseen_01,timer,0.17675094874538613,0.0211133493465445,0.00856000501570417,0.07781822741549245,1.1445678567519447e-06,1.6653345369377348e-15,-172.85362637330707
larger_area,unseen_01,schedule,0.18301056387890724,0.0237451951270516,0.008759516455677211,0.07963196777888373,1.4331940881904497e-06,1.5265566588595902e-15,-160.96188114565723
larger_area,unseen_01,feedback,0.03519310991320573,0.022117049051592178,0.0007191833459857381,0.006538030418052164,2.5509225130063614e-11,8.326672684688674e-16,-108.4424903744225
larger_area,unseen_02,static,0.2525753434628313,0.0790497955635785,0.009543905134458904,0.0867627739496264,0.0,1.3877787807814457e-15,383.2567573807255
larger_area,unseen_02,timer,0.23936897899303725,0.0837313795906605,0.008560005015897883,0.07781822741725349,1.1445678697970445e-06,8.831319514063745e-16,540.3526059781867
larger_area,unseen_02,schedule,0.24664075618900821,0.08737538743628735,0.008759516455720982,0.07963196777928165,1.4331941575812393e-06,8.326672684688674e-16,547.6223839560728
larger_area,unseen_02,feedback,0.19663361957198705,0.053267504005192104,0.007877400266717257,0.07161272969742961,0.00014065617193570332,1.1102230246251565e-15,167.72827793402223
larger_area,unseen_03,static,0.24109183585104266,0.06756628794963689,0.009543905134577316,0.08676277395070288,0.0,6.938893903907228e-16,137.96247580692682
larger_area,unseen_03,timer,0.2551643120014297,0.09952671260103671,0.008560005015788432,0.07781822741625848,1.1445678760244788e-06,1.2616170734376779e-15,353.7860381500335
larger_area,unseen_03,schedule,0.2331105953801201,0.07384522662830685,0.008759516455670925,0.07963196777882658,1.4331941601048067e-06,1.6653345369377348e-15,269.61154050425523
larger_area,unseen_03,feedback,0.16036286367636354,0.05726391180891745,0.0056662710134142025,0.05151155466740184,7.584253264243069e-05,1.1102230246251565e-15,156.40063332718182
larger_area,unseen_04,static,0.19827403217493825,0.02474848459700419,0.009543905116786374,0.08676277378896703,0.0,8.326672684688674e-16,-34.65097923022927
larger_area,unseen_04,timer,0.17587278259852354,0.020235183194180096,0.008560005015982202,0.07781822741802003,1.1445683033749933e-06,1.13545536609391e-15,-38.02747178614209
larger_area,unseen_04,schedule,0.17684590981354606,0.01758054106388357,0.008759516455556953,0.07963196777779048,1.4331940815165913e-06,1.0092936587501424e-15,-36.705787216205636
larger_area,unseen_04,feedback,0.09288196227667418,0.048978713526162884,0.002413910129461605,0.021944637540560048,1.3973669391195443e-05,2.220446049250313e-15,-164.110997526108
larger_area,unseen_05,static,0.326794040863356,0.15326849297016745,0.00954390513412537,0.08676277394659428,0.0,8.326672684688674e-16,333.37299129513553
larger_area,unseen_05,timer,0.33582652722893763,0.18018892782797674,0.008560005015821813,0.07781822741656194,1.1445678370235057e-06,1.3877787807814457e-15,597.2024563197315
larger_area,unseen_05,schedule,0.36017129451847746,0.20090592576682523,0.00875951645566553,0.07963196777877754,1.4331940971362514e-06,1.6653345369377348e-15,605.7898630295102
larger_area,unseen_05,feedback,0.24664655818092937,0.0725341976541302,0.00956766136233576,0.08697873965759782,0.000154881211603522,1.2616170734376779e-15,164.3929178843673
larger_area,unseen_06,static,0.2966134778373173,0.12308792997023821,0.009543905132689347,0.08676277393353952,0.0,7.5697024406260675e-16,182.15838446805992
larger_area,unseen_06,timer,0.2737403814992804,0.1181027820949722,0.00856000501597944,0.07781822741799492,1.1445683183778551e-06,8.326672684688674e-16,352.26804809356656
larger_area,unseen_06,schedule,0.29755724169953934,0.1382918729486541,0.008759516455624785,0.07963196777840713,1.4331940709929485e-06,1.3877787807814457e-15,361.53185148371483
larger_area,unseen_06,feedback,0.22040192051997495,0.06662182860049316,0.008450443886239037,0.07682221714762762,0.00013565762422654816,2.4980018054066022e-15,171.7322315781031
larger_area,unseen_07,static,0.2193505326995586,0.04582498493214355,0.009543905127207828,0.08676277388370753,0.0,5.551115123125783e-16,18.92289581173918
larger_area,unseen_07,timer,0.19639638506778237,0.04075878574004615,0.008560005011792252,0.07781822737992956,1.14456787709572e-06,1.3877787807814457e-15,54.63980663205882
larger_area,unseen_07,schedule,0.1987135078815772,0.03944813916251614,0.008759516453869649,0.07963196776245135,1.4331941583727198e-06,1.1102230246251565e-15,61.478546613723324
larger_area,unseen_07,feedback,0.11157257573983255,0.04014913789853368,0.003924675403353843,0.03567886730321675,6.570323486536093e-05,1.2490009027033011e-15,138.0867518664205
larger_area,unseen_08,static,0.2412662139056478,0.06774066603579947,0.009543905132841656,0.08676277393492415,0.0,5.551115123125783e-16,214.30946796207422
larger_area,unseen_08,timer,0.26845588163749234,0.11281828226375912,0.00856000501432443,0.07781822740294936,1.144567834534767e-06,1.5265566588595902e-15,462.1313249641521
larger_area,unseen_08,schedule,0.26350413201644796,0.10423876327180807,0.008759516455280192,0.07963196777527447,1.4331940909856362e-06,1.3877787807814457e-15,434.0003891746936
larger_area,unseen_08,feedback,0.13268720201434153,0.042991468162106306,0.00492937746424589,0.04481252240223537,7.068904776446991e-05,1.6401021954689813e-15,164.3869763939059
larger_area,unseen_09,static,0.2738280136700524,0.10030246579576255,0.00954390513308594,0.0867627739371449,0.0,1.13545536609391e-15,116.61572812577094
larger_area,unseen_09,timer,0.25173808905501943,0.0961004896913254,0.008560005013770234,0.07781822739791122,1.1445678715952643e-06,8.326672684688674e-16,264.1189196688905
larger_area,unseen_09,schedule,0.26663123215940093,0.10736586342614045,0.008759516454654307,0.07963196776958462,1.4331940912515493e-06,1.13545536609391e-15,238.36389533917782
larger_area,unseen_09,feedback,0.1784457661340322,0.05147359347736996,0.006976616786437112,0.06342378896761011,0.00012459472144203058,1.3877787807814457e-15,166.4523448572752
larger_area,unseen_10,static,0.3069386788256636,0.133413130926,0.009543905134481497,0.0867627739498318,0.0,5.551115123125783e-16,59.26704070403878
larger_area,unseen_10,timer,0.256247229042371,0.10060962963927021,0.008560005015913762,0.07781822741739784,1.144568305119618e-06,1.2616170734376779e-15,96.43125616712803
larger_area,unseen_10,schedule,0.26520262882762463,0.10593726007149214,0.008759516455870262,0.07963196778063875,1.4331948550012508e-06,1.6653345369377348e-15,107.79688200784847
larger_area,unseen_10,feedback,0.20189728785343602,0.05950861206530551,0.00782522207266512,0.07113838247877383,0.00011191083058285979,1.942890293094024e-15,141.20838766761779
larger_area,unseen_11,static,0.23658664401580892,0.0630610961164242,0.009543905134466159,0.08676277394969235,0.0,5.551115123125783e-16,-205.84675076824692
larger_area,unseen_11,timer,0.24875777177715863,0.09312017237579877,0.00856000501584259,0.07781822741675082,1.1445678582191883e-06,1.1102230246251565e-15,-423.06686212352474
larger_area,unseen_11,schedule,0.2460769872941142,0.08681161854362311,0.008759516455599945,0.07963196777818132,1.4331941284428748e-06,1.6653345369377348e-15,-403.21418576503083
larger_area,unseen_11,feedback,0.11855012470153359,0.05367209733367185,0.0035666599220261002,0.03242418110932818,2.9665149205388843e-05,3.154042683594195e-15,-179.95106344895873
larger_area,unseen_12,static,0.22055898268131285,0.04703343478953781,0.009543905134047627,0.08676277394588752,0.0,1.3877787807814457e-15,45.28934718649532
larger_area,unseen_12,timer,0.2020105957284861,0.04637299633616267,0.008560005015320947,0.07781822741200861,1.1445683062161256e-06,8.326672684688674e-16,100.29018505049453
larger_area,unseen_12,schedule,0.2103177001397326,0.05105233139505724,0.008759516455281868,0.0796319677752897,1.4331940959656764e-06,1.6401021954689813e-15,101.10856537680002
larger_area,unseen_12,feedback,0.11422873992321313,0.05811714032713216,0.0030856032302090915,0.028050938456446288,9.722683188401804e-06,1.6653345369377348e-15,162.33530961889585
larger_area,unseen_13,static,0.20990434728964544,0.036378799698417834,0.009543905117517518,0.0867627737956138,0.0,1.1102230246251565e-15,10.496819300486322
larger_area,unseen_13,timer,0.18608749416349632,0.03044989476460286,0.008560005015680905,0.07781822741528095,1.144568331560022e-06,1.2490009027033011e-15,58.395270245162465
larger_area,unseen_13,schedule,0.1884193392353557,0.029153970649339844,0.00875951644651388,0.07963196769558073,1.4331948543982915e-06,1.8041124150158794e-15,25.49815847485445
larger_area,unseen_13,feedback,0.13873583906697992,0.04512481313885254,0.0051446518775940964,0.04676956252358269,7.190088096201289e-05,1.1102230246251565e-15,79.52916341594039
larger_area,unseen_14,static,0.19718992970968457,0.023664381817921437,0.009543905134046973,0.08676277394588157,0.0,1.13545536609391e-15,-129.9660618747555
larger_area,unseen_14,timer,0.18124096452194569,0.025603365120358382,0.008560005015854178,0.07781822741685616,1.1445678749662295e-06,6.938893903907228e-16,-220.50752181764994
larger_area,unseen_14,schedule,0.18752884735704872,0.028263478605657148,0.008759516455652372,0.07963196777865793,1.4331940757237281e-06,1.5139404881252135e-15,-210.99118057826934
larger_area,unseen_14,feedback,0.06717483662111196,0.03484411949061984,0.0017781177302250775,0.016164706638409795,1.3038536725250264e-06,1.6401021954689813e-15,-105.61627505665513
larger_area,unseen_15,static,0.21638730995858377,0.0428617621058228,0.009543905131901854,0.08676277392638049,0.0,8.831319514063745e-16,-57.20368075234592
larger_area,unseen_15,timer,0.206644333555737,0.05100673419101731,0.008560005013826488,0.07781822739842262,1.1445678744365167e-06,8.326672684688674e-16,-187.97719007226294
larger_area,unseen_15,schedule,0.19947847414378558,0.040213105437574344,0.008759516453162947,0.07963196775602678,1.4331941576899187e-06,1.6653345369377348e-15,-119.36272126945914
larger_area,unseen_15,feedback,0.09131692877796642,0.03458073462198721,0.0031177763532835956,0.028343421393487233,4.9351369004748756e-05,1.0092936587501424e-15,-127.20644696504098
larger_area,unseen_16,static,0.28394231285329724,0.11041676496906573,0.009543905133632732,0.08676277394211575,0.0,7.5697024406260675e-16,-243.48074121053548
larger_area,unseen_16,timer,0.2812345919765405,0.1255969925711155,0.008560005016041395,0.07781822741855814,1.1445683087487297e-06,6.308085367188389e-16,-455.13837782299606
larger_area,unseen_16,schedule,0.3023671676170503,0.14310179886469748,0.008759516455702528,0.0796319677791139,1.4331941250441402e-06,2.4980018054066022e-15,-459.75449260001335
larger_area,unseen_16,feedback,0.20293441872754367,0.05677834663033497,0.008030646484294407,0.07300587712994916,0.00014431783731035642,1.6401021954689813e-15,-168.8452441096664
larger_area,unseen_17,static,0.22086118422245038,0.04733563632232567,0.00954390513450686,0.08676277395006236,0.0,1.0092936587501424e-15,72.84816744481816
larger_area,unseen_17,timer,0.19678038182971672,0.04114278243260379,0.008560005015608088,0.07781822741461898,1.1445678749375013e-06,1.1102230246251565e-15,152.88982985400537
larger_area,unseen_17,schedule,0.20926356164707083,0.04999819289529786,0.008759516455668852,0.07963196777880774,1.4331941575004685e-06,1.766263902812749e-15,149.76114101006772
larger_area,unseen_17,feedback,0.1341396118478845,0.04485173443055708,0.004906980064292102,0.044608909675382745,7.005806656192498e-05,2.0185873175002848e-15,156.7328146326853
larger_area,unseen_18,static,0.19428758990083012,0.02076204213421617,0.009543905127163767,0.08676277388330697,0.0,8.326672684688674e-16,-43.64483317805468
larger_area,unseen_18,timer,0.17751063149900848,0.021873032094356964,0.008560005015999024,0.07781822741817294,1.1445683056405675e-06,1.1102230246251565e-15,-111.10688306791383
larger_area,unseen_18,schedule,0.17686811953890594,0.017602750782707743,0.00875951645587635,0.07963196778069409,1.4331948100118156e-06,1.1102230246251565e-15,-82.56599828556159
larger_area,unseen_18,feedback,0.1292797121527644,0.04476708732069211,0.0046443587682458935,0.042221443347689944,6.973813669242518e-05,8.831319514063745e-16,5.255355795572996
larger_area,unseen_19,static,0.26896517937179176,0.0954396314739746,0.009543905134379945,0.08676277394890859,0.0,7.5697024406260675e-16,-334.1140034681972
larger_area,unseen_19,timer,0.3244667623575526,0.16882916295355008,0.00856000501596332,0.07781822741784836,1.1445683058829687e-06,2.220446049250313e-15,-653.0912888224761
larger_area,unseen_19,schedule,0.2995661285896007,0.14030075983117896,0.008759516455995913,0.07963196778178103,1.4331948596758207e-06,1.766263902812749e-15,-589.8515990333593
larger_area,unseen_19,feedback,0.18082711957052477,0.06597297998230067,0.006312779810014909,0.0573889073637719,7.63248606803301e-05,1.6653345369377348e-15,-166.4654216631062
larger_area,unseen_20,static,0.2250133945992927,0.05148784672740942,0.00954390513295358,0.08676277393594164,0.0,6.938893903907228e-16,128.33331560024567
larger_area,unseen_20,timer,0.20864372319047986,0.05300612378841921,0.008560005015880228,0.07781822741709299,1.1445678746733532e-06,1.13545536609391e-15,250.15159413136598
larger_area,unseen_20,schedule,0.20943896393999034,0.05017359520188816,0.008759516454916936,0.07963196777197215,1.4331941578923507e-06,2.397072439531588e-15,241.49256645110722
larger_area,unseen_20,feedback,0.14848946497907103,0.048015365558830736,0.0055204048722120366,0.050185498838291244,0.00010310174365781643,1.13545536609391e-15,172.1877308880097
larger_area,unseen_21,static,0.24377802523585768,0.07025247737824818,0.009543905132168521,0.08676277392880474,0.0,8.326672684688674e-16,-158.21913194550723
larger_area,unseen_21,timer,0.21741035847875537,0.061772759077353585,0.008560005015844042,0.07781822741676402,1.1445678737496918e-06,2.397072439531588e-15,-263.5698427289558
larger_area,unseen_21,schedule,0.2157208199698408,0.0564554512159539,0.0087595164557851,0.07963196777986455,1.4331941578121805e-06,1.5265566588595902e-15,-263.7598147916898
larger_area,unseen_21,feedback,0.12273330839901636,0.04457342631824508,0.004294956261217205,0.03904505692015641,6.976824045845159e-05,7.5697024406260675e-16,-162.99139303298784
larger_area,unseen_22,static,0.24950559120924523,0.07598004330820582,0.009543905134557168,0.0867627739505197,0.0,6.308085367188389e-16,404.9670297005076
larger_area,unseen_22,timer,0.265583899241414,0.10994629984023654,0.008560005015833337,0.0778182274166667,1.14456784407637e-06,8.831319514063745e-16,636.0473180947456
larger_area,unseen_22,schedule,0.2684991080431702,0.10923373929322025,0.008759516455571346,0.07963196777792134,1.433194107232583e-06,1.5139404881252135e-15,636.9768087420105
larger_area,unseen_22,feedback,0.13333140387750428,0.04901753436063719,0.0046332663472616765,0.042120603156924334,7.26632030184438e-05,2.0185873175002848e-15,168.5216207111083
larger_area,unseen_23,static,0.22330249884588121,0.049776950950397914,0.009543905134251582,0.08676277394774165,0.0,5.551115123125783e-16,-293.5613274116796
larger_area,unseen_23,timer,0.2108520209078957,0.055214421505413835,0.008560005015879675,0.07781822741708795,1.1445683059745374e-06,1.1102230246251565e-15,-411.6900072911084
larger_area,unseen_23,schedule,0.21859358043885832,0.059328211682832116,0.008759516455864196,0.0796319677805836,1.4331948590188314e-06,1.3877787807814457e-15,-420.401581560114
larger_area,unseen_23,feedback,0.15980208796950646,0.0608551638846636,0.005438036352220394,0.04943669411109449,7.353586265388807e-05,1.1102230246251565e-15,-170.56466436412506
larger_area,unseen_24,static,0.19463986333331218,0.021114315734566375,0.00954390511793102,0.0867627737993729,0.0,6.938893903907228e-16,-49.61825616103067
larger_area,unseen_24,timer,0.17587595585132537,0.02023835644601188,0.008560005016035406,0.0778182274185037,1.144568306118135e-06,5.551115123125783e-16,-14.964367584001138
larger_area,unseen_24,schedule,0.1783026629612258,0.019037294204123766,0.008759516455923221,0.0796319677811202,1.4331948616619984e-06,1.1102230246251565e-15,-14.13721841526035
larger_area,unseen_24,feedback,0.07076568048227418,0.046876169367457185,0.00131392012834845,0.011944728439531364,5.42357542593582e-08,2.220446049250313e-15,-153.83321191180687
larger_area,unseen_25,static,0.19593279828680304,0.02240725044194644,0.009543905131467113,0.0867627739224283,0.0,1.5265566588595902e-15,58.85950280256861
larger_area,unseen_25,timer,0.17867544614992098,0.023037846748822196,0.00856000501582736,0.07781822741661236,1.1445678740499978e-06,1.3877787807814457e-15,122.24258422364346
larger_area,unseen_25,schedule,0.1847482277309955,0.025482859088168542,0.0087595164496771,0.07963196772433727,1.4331941523980827e-06,1.3877787807814457e-15,101.93632307570988
larger_area,unseen_25,feedback,0.04412765742869454,0.025390378021465685,0.0010305495567306542,0.009368632333915038,1.4739398778071593e-08,1.942890293094024e-15,58.44003865446723
larger_area,unseen_26,static,0.237744016071324,0.06421846818097444,0.009543905133969225,0.08676277394517477,0.0,5.551115123125783e-16,-183.32715978898125
larger_area,unseen_26,timer,0.2346845463618424,0.07904694696048255,0.008560005015843034,0.07781822741675486,1.1445678501285056e-06,1.13545536609391e-15,-359.7408073246605
larger_area,unseen_26,schedule,0.23607506579101215,0.07680969703929214,0.008759516455670606,0.07963196777882368,1.4331940726494329e-06,1.942890293094024e-15,-351.9289356048796
larger_area,unseen_26,feedback,0.12044718189989886,0.05428325455476413,0.0036372558513155023,0.03306596228468638,3.2002775761965e-05,8.326672684688674e-16,-187.52092335340865
larger_area,unseen_27,static,0.21240192900335703,0.038876381118928244,0.009543905133643582,0.08676277394221439,0.0,1.0092936587501424e-15,-104.8723956322666
larger_area,unseen_27,timer,0.2097158885075019,0.05407828910587767,0.008560005015856104,0.07781822741687366,1.144567876902768e-06,1.3877787807814457e-15,-259.8892071428936
larger_area,unseen_27,schedule,0.20646134666746582,0.0471959779396605,0.008759516454350507,0.0796319677668228,1.4331941597178869e-06,1.2490009027033011e-15,-192.50022217640947
larger_area,unseen_27,feedback,0.0760292775335917,0.0416367616948733,0.001891507125165152,0.0171955193196832,1.477199352000717e-06,1.5265566588595902e-15,-168.8451605847598
larger_area,unseen_28,static,0.3174570281705076,0.14393148027230387,0.009543905134401204,0.08676277394910185,0.0,1.1102230246251565e-15,70.30548131962507
larger_area,unseen_28,timer,0.2578494356243857,0.10221183623076571,0.008560005015416644,0.07781822741287858,1.1445678628525574e-06,1.5265566588595902e-15,117.26175870827967
larger_area,unseen_28,schedule,0.2684143821055235,0.1091490133521274,0.008759516455757893,0.07963196777961722,1.4331941616720738e-06,2.4980018054066022e-15,129.69634253319668
larger_area,unseen_28,feedback,0.1942087920479769,0.055545543841619825,0.007618876546020095,0.06926251405472814,0.00013822009690078288,7.5697024406260675e-16,150.27040530586657
larger_area,unseen_29,static,0.2196218185959319,0.04609627083572293,0.009543905126811494,0.08676277388010449,0.0,8.326672684688674e-16,-81.74563593656603
larger_area,unseen_29,timer,0.19795540885081706,0.0423178094526803,0.008560005015640864,0.07781822741491695,1.1445683028448516e-06,1.5265566588595902e-15,-98.44212290691519
larger_area,unseen_29,schedule,0.2092090797459767,0.04994371098910019,0.008759516455911205,0.07963196778101095,1.43319485460468e-06,1.6401021954689813e-15,-87.21402288348918
larger_area,unseen_29,feedback,0.10377106709960497,0.04993766879811836,0.002960197394548362,0.02691088540498511,1.1627491516381441e-05,1.3877787807814457e-15,-32.578417686449484
larger_area,unseen_30,static,0.2042647994536514,0.030739251815127117,0.009543905120118835,0.08676277381926213,0.0,1.1102230246251565e-15,6.864139550740788
larger_area,unseen_30,timer,0.18155788553851385,0.02592028655234606,0.00856000499300758,0.07781822720915982,1.1445678481445952e-06,8.831319514063745e-16,-1.9522102993403223
larger_area,unseen_30,schedule,0.18621681870556925,0.026951450021822466,0.008759516451929785,0.07963196774481623,1.433194114301854e-06,8.831319514063745e-16,11.105789146989991
larger_area,unseen_30,feedback,0.14101109588207192,0.0503207910825634,0.004983797677051617,0.04530725160956015,7.580158038823446e-05,6.938893903907228e-16,-147.53107631022726
larger_area,unseen_31,static,0.20871667946335615,0.035191131864184995,0.009543905117954414,0.08676277379958558,0.0,9.71445146547012e-16,-12.27996241754579
larger_area,unseen_31,timer,0.1882823917865766,0.0326447923762809,0.008560005016307997,0.0778182274209818,1.1445683321239653e-06,1.3877787807814457e-15,-26.703708806663826
larger_area,unseen_31,schedule,0.19432458446814566,0.03505921588629031,0.008759516446326778,0.0796319676938798,1.4331940957235393e-06,1.1102230246251565e-15,-38.82959131879454
larger_area,unseen_31,feedback,0.08412343798410594,0.0386465057322002,0.002500498691290183,0.02273180628445621,1.3319682993320677e-05,1.3877787807814457e-15,50.59017919704365
unequal_tanks,unseen_00,static,0.1912855956156262,0.05821244462222998,0.007651706182120282,0.0665365754966981,0.0,6.661338147750939e-16,338.0823346655776
unequal_tanks,unseen_00,timer,0.19622433013195964,0.07741792602844867,0.006831302423274055,0.059402629767600475,1.1445683100145658e-06,1.3322676295501878e-15,479.6379140732688
unequal_tanks,unseen_00,schedule,0.19647789604608024,0.07478930554854644,0.006997011544944985,0.06084357865169552,1.4331941427404898e-06,2.2928518986823883e-15,467.40563602215957
unequal_tanks,unseen_00,feedback,0.11808718003552733,0.04754033061379805,0.004052505262909634,0.035239176199214205,6.849702330087142e-05,1.68946982008176e-15,200.75979353744253
unequal_tanks,unseen_01,static,0.15362543919489308,0.02055228822127042,0.007651706180983303,0.06653657548681133,0.0,4.440892098500626e-16,-109.12554444332397
unequal_tanks,unseen_01,timer,0.14005786469735473,0.021251460593159303,0.006831302423313426,0.05940262976794283,1.1445683097827033e-06,1.3274405729213827e-15,-152.2256461941721
unequal_tanks,unseen_01,schedule,0.1456322271876954,0.023943636685667142,0.00699701154516384,0.06084357865359861,1.433194831046512e-06,2.051499067242137e-15,-138.81051303046036
unequal_tanks,unseen_01,feedback,0.031802510110735614,0.02213051019632861,0.0005561399931936553,0.004835999940814394,3.277821770146813e-11,8.881784197001252e-16,-108.14461938630564
unequal_tanks,unseen_02,static,0.24794980434604152,0.11487665334943765,0.007651706182304724,0.06653657549830194,0.0,9.99200722162641e-16,479.95026986091386
unequal_tanks,unseen_02,timer,0.2342762126261494,0.11546980852059503,0.006831302423416645,0.059402629768840386,1.1445678735966043e-06,1.4432899320127037e-15,603.739634283356
unequal_tanks,unseen_02,schedule,0.2439583667263787,0.12226977622778465,0.00699701154500519,0.060843578652219045,1.4331941559248403e-06,1.2212453270876724e-15,612.5021578404837
unequal_tanks,unseen_02,feedback,0.21582715128322075,0.06991625454530451,0.008381754090753618,0.07288481818046624,0.00014126037698376515,1.68946982008176e-15,200.52042506923488
unequal_tanks,unseen_03,static,0.2362827051815763,0.10320955418346126,0.007651706182391614,0.06653657549905752,0.0,5.551115123125784e-16,230.62570332312828
unequal_tanks,unseen_03,timer,0.24982928655764305,0.1310228824522393,0.0068313024234079155,0.05940262976876448,1.1445678747873734e-06,1.1102230246251567e-15,410.576204476405
unequal_tanks,unseen_03,schedule,0.23156325716736778,0.10987466666973407,0.006997011544949703,0.06084357865173654,1.4331941606307669e-06,1.4432899320127037e-15,349.6323855149684
unequal_tanks,unseen_03,feedback,0.17428507529366896,0.07091828342660628,0.005939242726420851,0.05164558892539871,7.561401626525473e-05,2.331468351712829e-15,183.5651999083898
unequal_tanks,unseen_04,static,0.16948720556612745,0.0364140547585937,0.00765170617143319,0.06653657540376687,0.0,6.66133814775094e-16,-62.94327869156223
unequal_tanks,unseen_04,timer,0.14846328454897664,0.029656880442112853,0.006831302423466943,0.059402629769277765,1.1445683082598731e-06,1.2212453270876724e-15,-70.93543621366177
unequal_tanks,unseen_04,schedule,0.14853735490210554,0.026848764400451603,0.0069970115451404085,0.060843578653394854,1.433194864220003e-06,2.4135283144025143e-15,-68.65421706557515
unequal_tanks,unseen_04,feedback,0.0986423663969627,0.05358100289961266,0.0025898055738581426,0.022520048468331673,2.1266560686679176e-05,8.4473491004088e-16,-175.3192933018836
unequal_tanks,unseen_05,static,0.37486114506537493,0.24178799407241808,0.007651706182095018,0.06653657549647841,0.0,4.827056628805028e-16,484.47494698985474
unequal_tanks,unseen_05,timer,0.3833165615479848,0.2645101574409,0.00683130242347929,0.059402629769385124,1.144568314549639e-06,8.881784197001252e-16,706.423831944693
unequal_tanks,unseen_05,schedule,0.40885839868984575,0.2871698081913688,0.0069970115449998855,0.060843578652172915,1.433194131162029e-06,6.661338147750939e-16,714.1472131060841
unequal_tanks,unseen_05,feedback,0.27326600789043354,0.09370284477992272,0.010316060279904784,0.08970487199917203,0.0001534191121667886,1.3274405729213827e-15,194.24300469780326
unequal_tanks,unseen_06,static,0.336480463075437,0.20340731210102136,0.007651706181028899,0.06653657548720782,0.0,1.5543122344752192e-15,305.6424184944657
unequal_tanks,unseen_06,timer,0.3133509746757325,0.194544570568984,0.006831302423460285,0.05940262976921987,1.1445683087291662e-06,1.3274405729213827e-15,459.89564693085856
unequal_tanks,unseen_06,schedule,0.3412560227746551,0.21956743227263353,0.006997011545162418,0.060843578653586236,1.4331948490906166e-06,2.1721754829622628e-15,471.4187023182983
unequal_tanks,unseen_06,feedback,0.24518522248046146,0.08553265983969457,0.009171963943716624,0.07975620820623151,0.00014014622830384332,1.2067641572012571e-15,193.67136523739998
unequal_tanks,unseen_07,static,0.18657085783030958,0.053497706983121396,0.007651706173713321,0.06653657542359409,0.0,8.881784197001252e-16,18.484236861483055
unequal_tanks,unseen_07,timer,0.1673899686076489,0.0485835646201243,0.006831302416629903,0.059402629709825246,1.1445678741184605e-06,8.4473491004088e-16,51.79223699680256
unequal_tanks,unseen_07,schedule,0.16726135886772467,0.045572768403267565,0.006997011543042222,0.060843578635149755,1.4331941575949765e-06,2.051499067242137e-15,58.29554250754222
unequal_tanks,unseen_07,feedback,0.11194447671812557,0.040669646915297356,0.004094254084720893,0.03560220943235559,7.041093811703285e-05,8.881784197001252e-16,132.26449421833252
unequal_tanks,unseen_08,static,0.21792601696829844,0.084852866019994,0.007651706179527506,0.06653657547415222,0.0,4.440892098500626e-16,290.9247109040664
unequal_tanks,unseen_08,timer,0.2415573415081598,0.12275093744817128,0.006831302420771533,0.059402629745839416,1.1445683096818562e-06,1.4481169886415085e-15,482.5497238060186
unequal_tanks,unseen_08,schedule,0.23916357901017235,0.11747498852367778,0.006997011544311182,0.06084357864618419,1.4331941261891818e-06,1.3274405729213827e-15,466.70135448028486
unequal_tanks,unseen_08,feedback,0.13706305178557224,0.04904702545333787,0.005056817867101825,0.0439723292791463,7.136777394177042e-05,1.1102230246251565e-15,190.94054736837631
unequal_tanks,unseen_09,static,0.2960424837712271,0.16296933278465522,0.007651706181727883,0.06653657549328594,0.0,4.827056628805028e-16,221.47679816617904
unequal_tanks,unseen_09,timer,0.2765955895992598,0.15778918551885598,0.006831302421970379,0.05940262975626416,1.1445678754965558e-06,7.240584943207542e-16,360.59166949639814
unequal_tanks,unseen_09,schedule,0.2972313835056089,0.17554279301598197,0.006997011544492792,0.06084357864776341,1.4331941001320074e-06,1.5543122344752192e-15,349.0805260447346
unequal_tanks,unseen_09,feedback,0.19776755450499608,0.06567938869455563,0.0075874543419535865,0.06597786384307466,0.00013243812429110488,1.5687934043616342e-15,186.24989149721455
unequal_tanks,unseen_10,static,0.3271884360589462,0.19411528506186138,0.0076517061823323795,0.06653657549854243,0.0,8.4473491004088e-16,142.29403834076527
unequal_tanks,unseen_10,timer,0.2755310552823365,0.15672465117694265,0.0068313024233824385,0.05940262976854294,1.1445683079744084e-06,9.992007221626409e-16,194.60390945051427
unequal_tanks,unseen_10,schedule,0.293343534732916,0.17165494423371114,0.0069970115449999315,0.06084357865217332,1.433194858208873e-06,1.4481169886415085e-15,209.46560639639085
unequal_tanks,unseen_10,feedback,0.22273369063883836,0.07844632758616395,0.008290201657380408,0.07208871006417746,0.00010994292431948171,1.9984014443252818e-15,168.74694861605462
unequal_tanks,unseen_11,static,0.20445363232765573,0.07138048133254994,0.0076517061822185825,0.06653657549755289,0.0,1.1102230246251565e-15,-244.4315206617439
unequal_tanks,unseen_11,timer,0.2076662049757509,0.08885980086868744,0.006831302423478278,0.059402629769376325,1.1445683107958705e-06,1.3322676295501878e-15,-393.54484293051917
unequal_tanks,unseen_11,schedule,0.20728177147888338,0.08559318097887991,0.006997011545045116,0.06084357865256622,1.4331948710250813e-06,9.992007221626409e-16,-377.7415631606698
unequal_tanks,unseen_11,feedback,0.120133630036185,0.06034947944420646,0.003436025076022733,0.029878478921936808,2.7192748104940568e-05,1.5687934043616342e-15,-189.52343489092777
unequal_tanks,unseen_12,static,0.18807529122545616,0.05500214023463315,0.007651706181972323,0.0665365754954115,0.0,7.240584943207542e-16,84.4791876805366
unequal_tanks,unseen_12,timer,0.1748298576150069,0.05602345351905069,0.00683130242283969,0.05940262976382339,1.1445683094420175e-06,1.4481169886415085e-15,141.0032217079597
unequal_tanks,unseen_12,schedule,0.18091719453087005,0.059228604038701754,0.006997011544637204,0.06084357864901917,1.433194129970818e-06,1.68946982008176e-15,138.91396554207086
unequal_tanks,unseen_12,feedback,0.1142858280206259,0.06506808888011968,0.002829700872250139,0.024606094541305554,5.550057895099288e-06,1.3322676295501878e-15,179.459493343119
unequal_tanks,unseen_13,static,0.18509688948868036,0.05202373866841471,0.007651706172165275,0.06653657541013283,0.0,4.827056628805028e-16,-20.399061122415105
unequal_tanks,unseen_13,timer,0.16027449943928546,0.04146809532390711,0.0068313024239549085,0.05940262977352094,1.1445683364592815e-06,5.551115123125783e-16,-2.6033927855090724
unequal_tanks,unseen_13,schedule,0.16363331705073886,0.04194472658361681,0.006997011543154985,0.060843578636130304,1.4331948614517523e-06,1.5687934043616342e-15,-21.0302475234688
unequal_tanks,unseen_13,feedback,0.14618971082453172,0.04852598339938892,0.005611050913167399,0.04879174707102086,8.023328310108609e-05,1.3322676295501878e-15,65.1618961895847
unequal_tanks,unseen_14,static,0.16192183545085512,0.02884868447466409,0.007651706181130984,0.06653657548809551,0.0,6.033820786006286e-16,-132.9634200290826
unequal_tanks,unseen_14,timer,0.14595064847803868,0.027144244372895077,0.006831302423392948,0.05940262976863433,1.1445678749444379e-06,7.240584943207542e-16,-185.48467133338193
unequal_tanks,unseen_14,schedule,0.15232080662710126,0.0306322161292235,0.006997011544968626,0.06084357865190109,1.4331940755790045e-06,1.7763568394002505e-15,-175.3093603874462
unequal_tanks,unseen_14,feedback,0.06713899289104575,0.03856481746254011,0.0016429645555635331,0.014286648309248114,8.788100094064871e-07,9.654113257610056e-16,-91.91103571769077
unequal_tanks,unseen_15,static,0.1835650857030916,0.05049193484021407,0.007651706174615459,0.06653657543143877,0.0,6.661338147750939e-16,-61.72841028180619
unequal_tanks,unseen_15,timer,0.17151487173028962,0.05270846770860181,0.0068313024185942366,0.0594026297269064,1.1445678750175394e-06,1.7763568394002505e-15,-155.24453864545058
unequal_tanks,unseen_15,schedule,0.16888413143361708,0.0471955410018018,0.006997011541165447,0.06084357861882997,1.4331941553551647e-06,2.4424906541753444e-15,-101.05118210031299
unequal_tanks,unseen_15,feedback,0.0909891315828843,0.03739998349671997,0.003078561541683971,0.026770100362469313,4.8947361225705615e-05,7.240584943207542e-16,-111.73204692425077
unequal_tanks,unseen_16,static,0.30717774436466394,0.17410459337539563,0.0076517061818829266,0.06653657549463414,0.0,6.661338147750939e-16,-369.23019480386256
unequal_tanks,unseen_16,timer,0.307951418935726,0.18914501483066024,0.0068313024233886445,0.05940262976859691,1.1445678719073146e-06,2.220446049250313e-15,-553.4779934266271
unequal_tanks,unseen_16,schedule,0.3291564770690546,0.2074678865668444,0.0069970115451717385,0.06084357865366729,1.4331948756244368e-06,1.1102230246251565e-15,-557.4936285650821
unequal_tanks,unseen_16,feedback,0.2248900045332174,0.06891335896151518,0.008959997386258906,0.07791302075007744,0.00015060407154731208,2.6645352591003757e-15,-185.0504934749266
unequal_tanks,unseen_17,static,0.20935919547838758,0.07628604448064646,0.007651706182370115,0.06653657549887056,0.0,1.5687934043616342e-15,144.21510911450162
unequal_tanks,unseen_17,timer,0.1898951128508425,0.07108870874735289,0.006831302423297844,0.05940262976780734,1.1445678749404352e-06,7.771561172376097e-16,228.29728800617647
unequal_tanks,unseen_17,schedule,0.20357143327809082,0.08188284277998398,0.0069970115449770835,0.060843578651974636,1.4331941575866516e-06,3.4416913763379857e-15,227.8784929082442
unequal_tanks,unseen_17,feedback,0.14540191865897203,0.05601446446559935,0.005135708946054756,0.044658338661345706,7.077687068127935e-05,2.6548811458427654e-15,179.4065298530345
unequal_tanks,unseen_18,static,0.16393983947719187,0.03086668857700314,0.007651706176760853,0.06653657545009437,0.0,7.771561172376096e-16,-82.38587452382569
unequal_tanks,unseen_18,timer,0.14916243414407557,0.030356030037057984,0.00683130242347573,0.059402629769354176,1.1445683092440797e-06,8.881784197001252e-16,-138.31510078179224
unequal_tanks,unseen_18,schedule,0.14808163102535096,0.026393040528083125,0.006997011544933312,0.06084357865159402,1.4331940797918982e-06,1.1102230246251565e-15,-118.23534091243198
unequal_tanks,unseen_18,feedback,0.13327217225255641,0.04938331571074287,0.004819064546685309,0.041904909101611376,7.903833859080299e-05,1.3322676295501878e-15,-31.686795479103466
unequal_tanks,unseen_19,static,0.25189611276246004,0.11882296176712685,0.007651706182231658,0.06653657549766659,0.0,1.332267629550188e-15,-426.405971019242
unequal_tanks,unseen_19,timer,0.29877552971781046,0.1799691256124449,0.006831302423380738,0.05940262976852815,1.1445683092376382e-06,7.771561172376097e-16,-671.504862101243
unequal_tanks,unseen_19,schedule,0.27849052946296243,0.1568019389614261,0.006997011545133575,0.06084357865333543,1.4331948654382267e-06,1.3274405729213827e-15,-624.4545493583465
unequal_tanks,unseen_19,feedback,0.18870366887886242,0.07498725272159504,0.006534268836607444,0.05681972901397777,7.6958129311851e-05,1.0860877414811314e-15,-186.39914478011792
unequal_tanks,unseen_20,static,0.21181905501196058,0.07874590402883534,0.007651706181529701,0.06653657549156261,0.0,8.881784197001252e-16,202.22462934186717
unequal_tanks,unseen_20,timer,0.19627861154366336,0.07747220743834385,0.0068313024234030635,0.059402629768722286,1.1445678749525073e-06,1.9984014443252818e-15,303.0201840213924
unequal_tanks,unseen_20,schedule,0.19885539225054497,0.07716680176088508,0.006997011544491392,0.06084357864775123,1.4331941574253105e-06,1.4481169886415085e-15,299.32226054548994
unequal_tanks,unseen_20,feedback,0.16277158527062172,0.06055149835887307,0.005871420425466754,0.05105582978666743,0.00010842733841379574,1.7763568394002505e-15,193.65429208970863
unequal_tanks,unseen_21,static,0.2289557587483293,0.09588260787284515,0.007651706175340337,0.06653657543774207,0.0,2.7755575615628914e-15,-145.7506112341872
unequal_tanks,unseen_21,timer,0.19710645857882736,0.07830005447425514,0.006831302423360036,0.05940262976834814,1.1445678759183149e-06,1.5543122344752192e-15,-207.46345551348793
unequal_tanks,unseen_21,schedule,0.19586771216344762,0.0741791216657572,0.006997011544952857,0.06084357865176397,1.4331941624613559e-06,1.3274405729213827e-15,-207.78001724435217
unequal_tanks,unseen_21,feedback,0.13155711326117392,0.05449442253351856,0.004427043016592671,0.03849602623124062,7.063826517410721e-05,8.881784197001252e-16,-142.6184118648623
unequal_tanks,unseen_22,static,0.21931841543752012,0.08624526444071219,0.0076517061823164565,0.06653657549840397,0.0,7.240584943207542e-16,465.2194708288134
unequal_tanks,unseen_22,timer,0.22676259802376436,0.10795619391649115,0.006831302423490364,0.05940262976948143,1.1445683103651521e-06,1.4481169886415085e-15,622.8226528788502
unequal_tanks,unseen_22,schedule,0.2290621971755947,0.10737360667392187,0.0069970115451412525,0.060843578653402196,1.433194868423574e-06,2.6645352591003757e-15,624.3005366038698
unequal_tanks,unseen_22,feedback,0.135389258093503,0.05506418135696927,0.0046145180581306615,0.04012624398374488,7.25887690439554e-05,1.3322676295501878e-15,197.85156859371466
unequal_tanks,unseen_23,static,0.1941594453655963,0.06108629437162691,0.007651706182153239,0.06653657549698469,0.0,9.992007221626409e-16,-355.4017085583839
unequal_tanks,unseen_23,timer,0.18490910994337148,0.06610270583960859,0.006831302423288527,0.05940262976772632,1.1445683102608601e-06,9.654113257610056e-16,-447.4865715784608
unequal_tanks,unseen_23,schedule,0.19401929412757257,0.07233070362893927,0.006997011544966581,0.06084357865188331,1.4331948666616466e-06,1.8101462358018857e-15,-458.8273893048189
unequal_tanks,unseen_23,feedback,0.16255575565111222,0.06573435113430667,0.005562864341163065,0.04837273340141795,7.593771396964973e-05,8.881784197001252e-16,-190.87023548814045
unequal_tanks,unseen_24,static,0.15884634885877327,0.025773198023289045,0.0076517061730403445,0.06653657541774212,0.0,9.99200722162641e-16,-58.770051652419056
unequal_tanks,unseen_24,timer,0.1420587724042329,0.023252368298266372,0.00683130242344091,0.05940262976905139,1.1445678637352176e-06,6.033820786006286e-16,-36.24756227085061
unequal_tanks,unseen_24,schedule,0.14371284112702642,0.022024250625073637,0.006997011545157378,0.06084357865354241,1.433194867990346e-06,2.2928518986823883e-15,-34.73108976827814
unequal_tanks,unseen_24,feedback,0.0691117338641117,0.04949516019724387,0.0011279515186053994,0.00980827407482956,2.5517208700652905e-08,1.1102230246251567e-15,-159.36299365163484
unequal_tanks,unseen_25,static,0.15747858887539207,0.024405438002449993,0.00765170617519417,0.06653657543647104,0.0,8.881784197001252e-16,59.25574137600563
unequal_tanks,unseen_25,timer,0.14264932742030123,0.023842923315416067,0.006831302423378083,0.059402629768505064,1.1445678750238188e-06,1.3322676295501878e-15,90.42656342160592
unequal_tanks,unseen_25,schedule,0.14820916410749618,0.026520573691293327,0.006997011540267567,0.06084357861102232,1.4331941582223547e-06,1.68946982008176e-15,76.75368947932009
unequal_tanks,unseen_25,feedback,0.04078397767634114,0.02569036502160862,0.0008678816793674972,0.00754679721189128,1.823094996396673e-08,1.5543122344752192e-15,55.09152990947223
unequal_tanks,unseen_26,static,0.20705305092079868,0.07397989993946634,0.007651706181426611,0.06653657549066617,0.0,7.240584943207542e-16,-204.09324505845098
unequal_tanks,unseen_26,timer,0.19757449752106301,0.0787680934136762,0.006831302423496898,0.059402629769538244,1.144568310314724e-06,1.3322676295501878e-15,-320.3676020964906
unequal_tanks,unseen_26,schedule,0.20035096884085257,0.0786623783389938,0.006997011545154231,0.06084357865351505,1.4331948286626698e-06,3.37893964016352e-15,-312.2211008896603
unequal_tanks,unseen_26,feedback,0.12177748111013995,0.06197839549681545,0.003436940635297952,0.029886440306938714,2.6204999447064828e-05,1.9984014443252818e-15,-193.41157785630685
unequal_tanks,unseen_27,static,0.17541679462279974,0.042343643648774125,0.007651706181006472,0.0665365754870128,0.0,8.881784197001252e-16,-122.13066545527352
unequal_tanks,unseen_27,timer,0.16868886671706818,0.0498824626119731,0.0068313024233901155,0.059402629768609695,1.144567875709543e-06,1.3322676295501878e-15,-222.12658948562841
unequal_tanks,unseen_27,schedule,0.16953994217876633,0.04785135171010613,0.0069970115432839005,0.06084357863725131,1.4331941575608527e-06,1.1102230246251565e-15,-172.81779007466469
unequal_tanks,unseen_27,feedback,0.07108875716623113,0.04314640132178675,0.0016066395504761325,0.013970778699792456,7.984448594693484e-07,1.7763568394002505e-15,-163.29253174461167
unequal_tanks,unseen_28,static,0.3678579757559536,0.23478482475889903,0.007651706182330636,0.06653657549852726,0.0,6.661338147750939e-16,170.1325331577807
unequal_tanks,unseen_28,timer,0.30168486809160266,0.1828784639902753,0.0068313024231733,0.05940262976672435,1.1445678786875931e-06,1.3274405729213827e-15,234.06939143941975
unequal_tanks,unseen_28,schedule,0.3199933225287686,0.19830473202970986,0.006997011545029881,0.06084357865243374,1.4331941912515869e-06,1.0860877414811314e-15,247.74299321649448
unequal_tanks,unseen_28,feedback,0.21582281934354083,0.07207578006250175,0.008257268755336873,0.07180233700292933,0.00014236527518044964,2.220446049250313e-15,172.8918139512832
unequal_tanks,unseen_29,static,0.18453913019695142,0.05146597936855537,0.007651706172632773,0.06653657541419802,0.0,1.1102230246251565e-15,-73.57107343096186
unequal_tanks,unseen_29,timer,0.16817262836468472,0.04936622426607125,0.00683130242299282,0.05940262976515495,1.1445683035674e-06,1.1102230246251565e-15,-65.92727478487313
unequal_tanks,unseen_29,schedule,0.1770495146876927,0.0553609241880734,0.006997011545023538,0.060843578652378584,1.4331948621325824e-06,1.3274405729213827e-15,-53.92305401824808
unequal_tanks,unseen_29,feedback,0.10448593044622953,0.05401764570678758,0.002900897784281949,0.025225198124190856,1.788849106023692e-05,1.5687934043616342e-15,-19.62012650252757
unequal_tanks,unseen_30,static,0.1735325655332789,0.04045941467654809,0.007651706174262022,0.0665365754283654,0.0,4.827056628805028e-16,30.89360902577471
unequal_tanks,unseen_30,timer,0.1527091784611959,0.03390277448747502,0.006831302415836361,0.059402629702924876,1.1445678711318951e-06,8.881784197001252e-16,29.895359921166914
unequal_tanks,unseen_30,schedule,0.15743311972012694,0.035744529253113895,0.006997011543148174,0.06084357863607107,1.4331948708995455e-06,1.3274405729213827e-15,43.049350209961744
unequal_tanks,unseen_30,feedback,0.13222643444395957,0.04640703539571253,0.004930262069713789,0.04287184408446773,7.5710879311588e-05,1.3322676295501878e-15,-124.55323090769525
unequal_tanks,unseen_31,static,0.1722276346740958,0.03915448384311952,0.007651706172781136,0.06653657541548813,0.0,1.1102230246251565e-15,-25.552993538128817
unequal_tanks,unseen_31,timer,0.15707487579932072,0.03826847169157717,0.006831302423515976,0.05940262976970413,1.1445683352874256e-06,1.0860877414811314e-15,-52.62915302515944
unequal_tanks,unseen_31,schedule,0.1606907491943833,0.039002158782164335,0.006997011540040072,0.0608435786090441,1.4331941307701668e-06,1.8101462358018857e-15,-56.98950457993726
unequal_tanks,unseen_31,feedback,0.08087997879232482,0.04132201513737793,0.0022738903013784996,0.019772959142421734,1.2045370103427112e-05,8.4473491004088e-16,44.40631370318113
