crossover_weight,policy,mean_objective
0.5,feedback,0.07241312990797116
0.5,schedule,0.11348967048209072
0.5,static,0.11065722661309724
0.5,timer,0.11106249265090949
1.0,feedback,0.0918040178987002
1.0,schedule,0.14486702709447624
1.0,static,0.1449249625129915
1.0,timer,0.14170698588093872
2.0,feedback,0.13058579388015829
2.0,schedule,0.20762174031924732
2.0,static,0.21346043431278
2.0,timer,0.20299597234099714
4.0,feedback,0.20814934584307448
4.0,schedule,0.33313116676878946
4.0,static,0.350531377912357
4.0,timer,0.325573945261114
8.0,feedback,0.36327644976890694
8.0,schedule,0.5841500196678737
8.0,static,0.624673265111511
8.0,timer,0.5707298911013478
