k,tau,classification,objective,settling_s,settled,B_crossed_mol,imbalance_exposure,conservation_relative
20.0,5.0,stable,0.6090976626853679,1497.6000000000001,True,0.02999891955614391,0.03245128690369953,5.551115123125783e-16
27.187127817570513,5.0,stable,0.6060351365306684,1483.2,True,0.029903092186060527,0.03142170349553346,1.13545536609391e-15
36.956995948445815,5.0,stable,0.602015656140786,1468.8,True,0.02976654320433467,0.030168413785251296,1.13545536609391e-15
50.2377286301916,5.0,stable,0.5964088879746868,1440.0,True,0.029570390938702108,0.02870000853598813,1.1102230246251561e-15
68.29097747667203,5.0,stable,0.5890592680426581,1411.2,True,0.02928666360184286,0.027064381527991437,1.5265566588595902e-15
92.83177667225556,5.0,stable,0.5793217152238146,1382.4,True,0.028874362273430952,0.025358799380063187,2.4980018054066022e-15
126.19146889603861,5.0,stable,0.5665635309284025,1368.0,True,0.028274656887758803,0.023723694015108238,1.0092936587501424e-15
171.53917971817893,5.0,stable,0.5488426191821965,1339.2,True,0.027406062558101994,0.022309137366464508,1.3877787807814457e-15
233.18288023596625,5.0,stable,0.5249365314294276,1324.8,True,0.026162850520852148,0.021223237629935582,1.3877787807814459e-15
316.97863849222284,5.0,stable,0.4927256286922599,1324.8,True,0.024426763667648614,0.020492549884400944,8.326672684688674e-16
430.8869380063765,5.0,stable,0.45070250123767075,1339.2,True,0.02211680360192781,0.020071699520431006,1.1102230246251565e-15
585.7289129250476,5.0,stable,0.4010564261228708,1411.2,True,0.019307361230164924,0.01989420824946747,1.8041124150158794e-15
796.2143411069948,5.0,stable,0.3501954289329767,1540.8,True,0.01635333576631677,0.019927780642749002,2.0185873175002848e-15
1082.3390530929275,5.0,stable,0.3090742930184279,1814.4,True,0.01375739164503402,0.020210979258167602,1.261617073437678e-15
1471.2845089192829,5.0,stable,0.2871117480031694,2448.0,True,0.011785626782208973,0.020840291010064713,6.938893903907228e-16
2000.0,5.0,stable,0.29667689827242166,4075.2000000000003,True,0.010389071883438428,0.02187026146543612,1.2490009027033013e-15
20.0,7.6591414057541,stable,0.6091359403185646,1497.6000000000001,True,0.02999902602835955,0.0324916573464296,1.3877787807814455e-15
27.187127817570513,7.6591414057541,stable,0.6060826136156864,1483.2,True,0.02990327580307273,0.03147316018043506,1.2616170734376777e-15
36.956995948445815,7.6591414057541,stable,0.602072504566824,1468.8,True,0.029766846815250707,0.03023285291940717,1.1102230246251565e-15
50.2377286301916,7.6591414057541,stable,0.5964739798841534,1440.0,True,0.02957087336846966,0.02877925960453645,5.551115123125783e-16
68.29097747667203,7.6591414057541,stable,0.5891299669903715,1411.2,True,0.029287396390895712,0.027160292038172027,1.13545536609391e-15
92.83177667225556,7.6591414057541,stable,0.579394262364704,1382.4,True,0.028875411973897407,0.02547318031304967,1.13545536609391e-15
126.19146889603861,7.6591414057541,stable,0.5666356890505746,1368.0,True,0.028276068004174,0.023858930335284304,1.3877787807814457e-15
171.53917971817893,7.6591414057541,stable,0.5489163103795454,1339.2,True,0.027407857138579735,0.022468417536304814,1.3877787807814457e-15
233.18288023596625,7.6591414057541,stable,0.5250160274391169,1324.8,True,0.026165043874119845,0.02140950187941224,1.6401021954689813e-15
316.97863849222284,7.6591414057541,stable,0.4928134545385781,1324.8,True,0.024429403031771837,0.020707984759538126,1.1102230246251565e-15
430.8869380063765,7.6591414057541,stable,0.4507954841267262,1339.2,True,0.02211990306256893,0.02031712332313916,8.326672684688674e-16
585.7289129250476,7.6591414057541,stable,0.4011464286650891,1411.2,True,0.01931079682354727,0.02016896180937514,1.6653345369377348e-15
796.2143411069948,7.6591414057541,stable,0.3502711773620962,1540.8,True,0.016356724345501145,0.020228351672311552,1.5139404881252135e-15
1082.3390530929275,7.6591414057541,stable,0.30912800445495775,1814.4,True,0.013760293268971685,0.020530256068253754,2.220446049250313e-15
1471.2845089192829,7.6591414057541,stable,0.2871448428570906,2448.0,True,0.01178788998604954,0.02116949571695156,2.4980018054066022e-15
2000.0,7.6591414057541,stable,0.29669584148844985,4075.2000000000003,True,0.010390795920388364,0.02220266001570379,1.3877787807814457e-15
20.0,11.732489414667379,stable,0.6091967421685163,1497.6000000000001,True,0.029999189861208198,0.03255210951060515,1.249000902703301e-15
27.187127817570513,11.732489414667379,stable,0.6061600390940134,1483.2,True,0.029903554712855916,0.03155029042268014,8.831319514063745e-16
36.956995948445815,11.732489414667379,stable,0.6021690168644708,1468.8,True,0.029767306276711588,0.030329567929234903,1.0092936587501422e-15
50.2377286301916,11.732489414667379,stable,0.5965914308478343,1440.0,True,0.029571608114015397,0.028898318059142877,1.0092936587501424e-15
68.29097747667203,11.732489414667379,stable,0.5892689458727973,1411.2,True,0.029288512073162333,0.027304140930036958,1.3877787807814457e-15
92.83177667225556,11.732489414667379,stable,0.5795551711597253,1382.4,True,0.028877018309593997,0.025644659548334704,1.13545536609391e-15
126.19146889603861,11.732489414667379,stable,0.5665196781268342,1353.6000000000001,True,0.028278239771923747,0.024061385194827097,1.2490009027033011e-15
171.53917971817893,11.732489414667379,stable,0.549127275469609,1339.2,True,0.027410625248201717,0.022706268427380643,1.3877787807814457e-15
233.18288023596625,11.732489414667379,stable,0.5252598159755916,1324.8,True,0.026168442902484164,0.02168726032590246,9.71445146547012e-16
316.97863849222284,11.732489414667379,stable,0.4930940904130433,1324.8,True,0.024433485655546178,0.021029038720657305,8.326672684688674e-16
430.8869380063765,11.732489414667379,stable,0.4511124171662844,1339.2,True,0.022124698284843373,0.020683168662990723,1.3877787807814457e-15
585.7289129250476,11.732489414667379,stable,0.401192228438136,1396.8,True,0.019316122168233994,0.02057930384968948,8.831319514063745e-16
796.2143411069948,11.732489414667379,stable,0.35062949004030314,1540.8,True,0.01636198908841054,0.02067789631814736,1.0092936587501424e-15
1082.3390530929275,11.732489414667379,stable,0.3094801562136991,1814.4,True,0.013764798635583988,0.02100824292013614,8.326672684688672e-16
1471.2845089192829,11.732489414667379,stable,0.28748175737252296,2448.0,True,0.011791408211542771,0.02166252025095813,1.0092936587501422e-15
2000.0,11.732489414667379,stable,0.29671765558449104,4060.8,True,0.010393491967534267,0.022700400332319126,1.5265566588595902e-15
20.0,17.972159093690124,stable,0.6092889950695762,1497.6000000000001,True,0.029999436451331917,0.03264159398311985,9.71445146547012e-16
27.187127817570513,17.972159093690124,stable,0.6062787491920253,1483.2,True,0.029903974679728492,0.03166448028476446,6.938893903907228e-16
36.956995948445815,17.972159093690124,stable,0.6023194053959238,1468.8,True,0.029768003707099384,0.030472858259910633,7.5697024406260675e-16
50.2377286301916,17.972159093690124,stable,0.596778296679058,1440.0,True,0.02957272173260247,0.029074702184090535,1.8924256101565166e-15
68.29097747667203,17.972159093690124,stable,0.5894966068159562,1411.2,True,0.02929021388230734,0.02751727940667839,7.569702440626068e-16
92.83177667225556,17.972159093690124,stable,0.579827430253868,1382.4,True,0.028879474887345907,0.02589822989247494,8.831319514063747e-16
126.19146889603861,17.972159093690124,stable,0.566841306591619,1353.6000000000001,True,0.028281580372817777,0.02436014289761637,9.71445146547012e-16
171.53917971817893,17.972159093690124,stable,0.5495048676833485,1339.2,True,0.02741491990935846,0.023056245082730915,1.3877787807814457e-15
233.18288023596625,17.972159093690124,stable,0.5257012410137681,1324.8,True,0.026173735274588925,0.022095043394836093,6.308085367188389e-16
316.97863849222284,17.972159093690124,stable,0.49360629724019967,1324.8,True,0.024439863150259443,0.02150016787935941,1.13545536609391e-15
430.8869380063765,17.972159093690124,stable,0.45169773616174097,1339.2,True,0.022132205807988897,0.021220964417661952,8.831319514063745e-16
585.7289129250476,17.972159093690124,stable,0.4018424627355387,1396.8,True,0.01932445340062024,0.021183381139321125,1.5139404881252135e-15
796.2143411069948,17.972159093690124,stable,0.3510203413280796,1526.4,True,0.016370223475703605,0.021341037156362954,8.831319514063745e-16
1082.3390530929275,17.972159093690124,stable,0.3098793076288506,1800.0,True,0.013771870310421402,0.021714375245279097,8.831319514063745e-16
1471.2845089192829,17.972159093690124,stable,0.28786782616559464,2433.6,True,0.011796958312247181,0.022391244544646784,6.308085367188389e-16
2000.0,17.972159093690124,stable,0.29708439046798973,4046.4,True,0.010397780443216511,0.023435857897216618,1.5139404881252135e-15
20.0,27.53026157305642,stable,0.6094245812495902,1497.6000000000001,True,0.029999803248906658,0.03277162890769359,1.2616170734376779e-15
27.187127817570513,27.53026157305642,stable,0.6064542016646703,1483.2,True,0.029904600193621157,0.03183059048569018,2.0185873175002848e-15
36.956995948445815,27.53026157305642,stable,0.6025433224813685,1468.8,True,0.029769047974605195,0.03068142785054979,8.831319514063745e-16
50.2377286301916,27.53026157305642,stable,0.5970593701506594,1440.0,True,0.029574401430135545,0.02933160437597803,6.938893903907228e-16
68.29097747667203,27.53026157305642,stable,0.5898430914007065,1411.2,True,0.029292792057914626,0.027827602776451472,1.249000902703301e-15
92.83177667225556,27.53026157305642,stable,0.5802473738404328,1382.4,True,0.028883227737737785,0.026266908351603443,1.1102230246251565e-15
126.19146889603861,27.53026157305642,stable,0.5673430930149298,1353.6000000000001,True,0.028286727524965426,0.02479311173450677,9.71445146547012e-16
171.53917971817893,27.53026157305642,stable,0.5500985292860487,1339.2,True,0.027421596541316626,0.02356155141560377,7.5697024406260675e-16
233.18288023596625,27.53026157305642,stable,0.5260982653716318,1310.4,True,0.026182034747137418,0.022682129186851804,5.551115123125783e-16
316.97863849222284,27.53026157305642,stable,0.4941178080882492,1310.4,True,0.02444991020085088,0.02217795910585195,8.831319514063745e-16
430.8869380063765,27.53026157305642,stable,0.4526301000275937,1339.2,True,0.02214405936800115,0.021995917914457007,6.308085367188389e-16
585.7289129250476,27.53026157305642,stable,0.4028865787040036,1396.8,True,0.01933764155275124,0.02205645330396523,1.2490009027033011e-15
796.2143411069948,27.53026157305642,stable,0.3521397750367743,1526.4,True,0.016383294964096136,0.022302417011474212,6.308085367188389e-16
1082.3390530929275,27.53026157305642,stable,0.3107218905513948,1785.6000000000001,True,0.01378315289952798,0.022740254328388287,1.1102230246251565e-15
1471.2845089192829,27.53026157305642,stable,0.2883959948496071,2404.8,True,0.011805891256262059,0.02345063930842936,1.5265566588595902e-15
2000.0,27.53026157305642,stable,0.2975845168586557,4017.6,True,0.010404787304724505,0.024504277595149643,1.5139404881252135e-15
20.0,42.17163326508749,stable,0.6096177520317526,1497.6000000000001,True,0.0300003397856028,0.03295577171282699,1.0092936587501422e-15
27.187127817570513,42.17163326508749,stable,0.60670532521188,1483.2,True,0.02990552911308058,0.03206614592937171,6.938893903907228e-16
36.956995948445815,42.17163326508749,stable,0.6028653346115438,1468.8,True,0.02977059769994853,0.030977631815331575,1.6653345369377348e-15
50.2377286301916,42.17163326508749,stable,0.5974660025057587,1440.0,True,0.02957690573409691,0.029696851817274852,1.0092936587501424e-15
68.29097747667203,42.17163326508749,stable,0.590348019287441,1411.2,True,0.029296674154028448,0.028268933899759482,8.831319514063745e-16
92.83177667225556,42.17163326508749,stable,0.5808636621580506,1382.4,True,0.02888893714065036,0.026790476022977294,8.326672684688674e-16
126.19146889603861,42.17163326508749,stable,0.5680839786106217,1353.6000000000001,True,0.028294659537563962,0.025406002960626662,8.326672684688674e-16
171.53917971817893,42.17163326508749,stable,0.5506785700373613,1324.8,True,0.027432024760024126,0.024273680228206137,5.551115123125783e-16
233.18288023596625,42.17163326508749,stable,0.5271344268088937,1310.4,True,0.026195161832674698,0.023506526217656164,1.3877787807814457e-15
316.97863849222284,42.17163326508749,stable,0.4953283010712431,1310.4,True,0.02446595467678116,0.023128845656149487,8.326672684688674e-16
430.8869380063765,42.17163326508749,stable,0.4537278865414055,1324.8,True,0.022163104876552077,0.023085450810883524,1.1102230246251565e-15
585.7289129250476,42.17163326508749,stable,0.4041610654879057,1382.4,True,0.019358918693826065,0.023288996178367546,8.831319514063745e-16
796.2143411069948,42.17163326508749,stable,0.3535362939048622,1512.0,True,0.016404489601320654,0.023665556286640785,1.892425610156517e-15
1082.3390530929275,42.17163326508749,stable,0.31215872982546905,1771.2,True,0.013801611420243835,0.024199217542183012,1.5139404881252135e-15
1471.2845089192829,42.17163326508749,stable,0.2895128897118894,2376.0,True,0.011820760326418756,0.024958358419327746,8.326672684688674e-16
2000.0,42.17163326508749,stable,0.29805863221124307,3960.0,True,0.01041681051077366,0.026022434181604603,1.6653345369377348e-15
20.0,64.59970049778165,stable,0.6098831083703251,1497.6000000000001,True,0.030001119805897702,0.03320741736291983,1.13545536609391e-15
27.187127817570513,64.59970049778165,stable,0.6070515077082648,1483.2,True,0.029906875662950024,0.03238870256653896,8.326672684688674e-16
36.956995948445815,64.59970049778165,stable,0.6033114522768938,1468.8,True,0.02977286238690649,0.03138411017010021,6.938893903907227e-16
50.2377286301916,64.59970049778165,stable,0.5980325757221474,1440.0,True,0.02958059318550399,0.03019907456739873,5.551115123125783e-16
68.29097747667203,64.59970049778165,stable,0.5910559603327796,1411.2,True,0.029302446558802764,0.028876469526482946,8.831319514063745e-16
92.83177667225556,64.59970049778165,stable,0.5817333929639827,1382.4,True,0.028897548748051272,0.027510872850966296,5.551115123125783e-16
126.19146889603861,64.59970049778165,stable,0.5691356693858642,1353.6000000000001,True,0.028306829495435087,0.026247069569719877,6.308085367188389e-16
171.53917971817893,64.59970049778165,stable,0.5519340053083054,1324.8,True,0.027448335321499345,0.02524687071701004,8.831319514063744e-16
233.18288023596625,64.59970049778165,stable,0.5286195719528036,1310.4,True,0.02621608696738841,0.024629024677519457,1.3877787807814457e-15
316.97863849222284,64.59970049778165,stable,0.49677344179042304,1296.0,True,0.024491952621146545,0.024422537526907342,1.13545536609391e-15
430.8869380063765,64.59970049778165,stable,0.4557574970621931,1324.8,True,0.02219434661508604,0.024572102493767768,8.326672684688675e-16
585.7289129250476,64.59970049778165,stable,0.40616366647455615,1368.0,True,0.019394168585918813,0.02498020487214453,1.13545536609391e-15
796.2143411069948,64.59970049778165,stable,0.3554296742165504,1483.2,True,0.016440008341247887,0.0255472409441341,5.551115123125783e-16
1082.3390530929275,64.59970049778165,stable,0.313815922998748,1728.0,True,0.013833122996716003,0.0262213619215545,1.3877787807814457e-15
1471.2845089192829,64.59970049778165,stable,0.29084026136334384,2318.4,True,0.011846986618877684,0.027049158089437572,2.0185873175002848e-15
2000.0,64.59970049778165,stable,0.2987234872360352,3873.6,True,0.010439285512659238,0.02812021694683578,1.3877787807814457e-15
20.0,98.95564817637465,stable,0.610230373155507,1497.6000000000001,True,0.030002213829162606,0.03353509455313056,9.714451465470118e-16
27.187127817570513,98.95564817637465,stable,0.6075067565326105,1483.2,True,0.029908775662778588,0.03280995811128337,6.308085367188389e-16
36.956995948445815,98.95564817637465,stable,0.6039015927047967,1468.8,True,0.029776079816829757,0.03191674299843264,1.0092936587501422e-15
50.2377286301916,98.95564817637465,stable,0.5987875241069142,1440.0,True,0.029585893634559435,0.03085939152656153,1.1102230246251565e-15
68.29097747667203,98.95564817637465,stable,0.5920069847257889,1411.2,True,0.029310860050412373,0.02967746816469229,1.0092936587501424e-15
92.83177667225556,98.95564817637465,stable,0.5829119529021387,1382.4,True,0.028910321495051503,0.028461918498072537,8.326672684688674e-16
126.19146889603861,98.95564817637465,stable,0.5702734282215983,1339.2,True,0.028325271451168515,0.027356513244685726,1.13545536609391e-15
171.53917971817893,98.95564817637465,stable,0.55336575265057,1310.4,True,0.027473676293688392,0.026527364624928895,8.326672684688674e-16
233.18288023596625,98.95564817637465,stable,0.5303881875437929,1296.0,True,0.026249470101792533,0.02610258986415384,1.1102230246251565e-15
316.97863849222284,98.95564817637465,stable,0.4989316876944273,1281.6000000000001,True,0.024534491741810834,0.026121615520506288,1.6401021954689813e-15
430.8869380063765,98.95564817637465,stable,0.4580525317361101,1296.0,True,0.022246624028453513,0.026533468271991593,1.0092936587501422e-15
585.7289129250476,98.95564817637465,stable,0.40888737494286037,1339.2,True,0.01945439100063849,0.027228711059307017,1.3877787807814455e-15
796.2143411069948,98.95564817637465,stable,0.35815936390355224,1440.0,True,0.016502165686033424,0.02806957880450816,6.938893903907228e-16
1082.3390530929275,98.95564817637465,stable,0.3160547385123663,1656.0,True,0.013890269188269728,0.028946526858302096,8.326672684688674e-16
1471.2845089192829,98.95564817637465,stable,0.2918481363023912,2188.8,True,0.011897465597791555,0.029866425449877027,5.551115123125783e-16
2000.0,98.95564817637465,stable,0.29786927737469043,3657.6,True,0.010487061021883258,0.030925905237522342,1.2616170734376777e-15
20.0,151.58306045618127,stable,0.6106583127649079,1497.6000000000001,True,0.03000369884318383,0.03393622741053069,1.2616170734376777e-15
27.187127817570513,151.58306045618127,stable,0.6080711308384515,1483.2,True,0.029911354988750916,0.03332778752493788,5.551115123125783e-16
36.956995948445815,151.58306045618127,stable,0.6046389862526301,1468.8,True,0.02978048555105431,0.032574664716549316,5.551115123125783e-16
50.2377286301916,151.58306045618127,stable,0.5997402309167527,1440.0,True,0.029593255099048317,0.03167936656903489,8.326672684688674e-16
68.29097747667203,151.58306045618127,stable,0.593220835137363,1411.2,True,0.029322735637830815,0.03067729150789356,1.2490009027033007e-15
92.83177667225556,151.58306045618127,stable,0.5844355516059521,1382.4,True,0.028928721756195472,0.029654019386156645,6.308085367188389e-16
126.19146889603861,151.58306045618127,stable,0.5721583143707952,1339.2,True,0.02835251758920988,0.028750591712913477,7.569702440626067e-16
171.53917971817893,151.58306045618127,stable,0.5556710713790227,1310.4,True,0.027512240208705643,0.028137827210868112,6.308085367188389e-16
233.18288023596625,151.58306045618127,stable,0.5328897110466327,1281.6000000000001,True,0.02630196462760209,0.027957712538060942,6.308085367188389e-16
316.97863849222284,151.58306045618127,stable,0.5020269584951614,1267.2,True,0.024603699412882762,0.028268325396991142,1.2490009027033011e-15
430.8869380063765,151.58306045618127,stable,0.46153827356859795,1267.2,True,0.0223346169806936,0.029030931801369862,6.938893903907227e-16
585.7289129250476,151.58306045618127,stable,0.4127783476998268,1296.0,True,0.01955939349740008,0.030124196191368507,1.5139404881252135e-15
796.2143411069948,151.58306045618127,stable,0.36198453593270674,1368.0,True,0.016615185935640812,0.031355635541507346,1.3877787807814457e-15
1082.3390530929275,151.58306045618127,stable,0.31861852119567735,1512.0,True,0.014000489926994179,0.03252403528482395,1.3877787807814457e-15
1471.2845089192829,151.58306045618127,stable,0.291763070465027,1915.2,True,0.012004008535610565,0.03356353274746526,6.308085367188389e-16
2000.0,151.58306045618127,stable,0.2921806672982405,3110.4,True,0.010602233330359903,0.034564011067825126,1.3877787807814457e-15
20.0,232.19921895017302,stable,0.6111483825588353,1497.6000000000001,True,0.030005584030822083,0.03439214215183684,9.714451465470118e-16
27.187127817570513,232.19921895017302,stable,0.6087231153438489,1483.2,True,0.029914675361688278,0.03391962198840555,6.308085367188389e-16
36.956995948445815,232.19921895017302,stable,0.6055003299263114,1468.8,True,0.029786244926338197,0.03333168903974424,6.308085367188389e-16
50.2377286301916,232.19921895017302,stable,0.6008673233457246,1440.0,True,0.02960299009108819,0.03263015906055741,9.71445146547012e-16
68.29097747667203,232.19921895017302,stable,0.5946792366956716,1411.2,True,0.029338721809044052,0.031846231823973115,6.308085367188389e-16
92.83177667225556,232.19921895017302,stable,0.5859991548179094,1368.0,True,0.028954054724508217,0.031058970021714125,5.046468293750711e-16
126.19146889603861,232.19921895017302,stable,0.574510883033128,1339.2,True,0.02839107052029306,0.030405157971780644,5.551115123125783e-16
171.53917971817893,232.19921895017302,stable,0.5583143553539981,1296.0,True,0.02756859758411969,0.030060589064625522,5.046468293750712e-16
233.18288023596625,232.19921895017302,stable,0.5365595930866592,1281.6000000000001,True,0.026381535270708797,0.030186279992914723,5.046468293750711e-16
316.97863849222284,232.19921895017302,stable,0.5063065079601441,1252.8,True,0.024712861477807893,0.030869834842331224,1.261617073437678e-15
430.8869380063765,232.19921895017302,stable,0.46693025833281093,1252.8,True,0.022479470257896254,0.03209734762440154,1.0092936587501422e-15
585.7289129250476,232.19921895017302,stable,0.4190803829952772,1267.2,True,0.01974068806479021,0.03373965870842683,6.308085367188388e-16
796.2143411069948,232.19921895017302,stable,0.36840771812436046,1296.0,True,0.01682199945793501,0.03552992474459434,6.938893903907229e-16
1082.3390530929275,232.19921895017302,stable,0.32386793645278095,1353.6000000000001,True,0.014218329731666035,0.03712566336455508,9.71445146547012e-16
1471.2845089192829,232.19921895017302,stable,0.29116400422117084,1454.4,True,0.012237437888018758,0.038334647434020784,1.13545536609391e-15
2000.0,232.19921895017302,stable,0.27378941888390307,1756.8,True,0.010886480179772456,0.0392203355860653,1.1102230246251565e-15
20.0,355.6893304490065,stable,0.6119664143829351,1512.0,True,0.03000784507379313,0.03486913787377342,8.831319514063745e-16
27.187127817570513,355.6893304490065,stable,0.6097196509053666,1497.6000000000001,True,0.029918694288507235,0.034543220532972305,5.551115123125783e-16
36.956995948445815,355.6893304490065,stable,0.6064326363043328,1468.8,True,0.0297932789058547,0.03413634712517688,8.831319514063745e-16
50.2377286301916,355.6893304490065,stable,0.6024074706625083,1454.4,True,0.0296150563684443,0.03365134846985267,6.30808536718839e-16
68.29097747667203,355.6893304490065,stable,0.596316111196138,1411.2,True,0.029358920350470684,0.03311659763052246,4.163336342344337e-16
92.83177667225556,355.6893304490065,stable,0.5884394885063444,1382.4,True,0.028986814797591003,0.032604877965480616,6.938893903907229e-16
126.19146889603861,355.6893304490065,stable,0.5775845583566863,1353.6000000000001,True,0.02844235213202402,0.032248311220773214,5.046468293750712e-16
171.53917971817893,355.6893304490065,stable,0.5621879112610335,1310.4,True,0.027646068832148304,0.03222826045924883,8.326672684688674e-16
233.18288023596625,355.6893304490065,stable,0.5411648039223168,1281.6000000000001,True,0.026495089028015034,0.032730468716242446,7.5697024406260675e-16
316.97863849222284,355.6893304490065,stable,0.5125704703960597,1267.2,True,0.02487526677639762,0.03388554460634317,8.326672684688674e-16
430.8869380063765,355.6893304490065,stable,0.47495483537967126,1267.2,True,0.022705200080690605,0.03572340010315233,5.046468293750712e-16
585.7289129250476,355.6893304490065,stable,0.4291720176807583,1281.6000000000001,True,0.02003872960742473,0.03811922788861078,6.308085367188389e-16
796.2143411069948,355.6893304490065,stable,0.3801797631590856,1296.0,True,0.01718482780985626,0.040713268219045265,7.569702440626067e-16
1082.3390530929275,355.6893304490065,stable,0.33630572655752544,1310.4,True,0.014631696514356892,0.042957146197618826,8.831319514063745e-16
1471.2845089192829,355.6893304490065,stable,0.30362097053266024,1339.2,True,0.012718198481226883,0.04446111839795187,1.5139404881252137e-15
2000.0,355.6893304490065,stable,0.2828545719778787,1368.0,True,0.011498659410799543,0.04526659985164358,8.831319514063745e-16
20.0,544.8549756853877,stable,0.6124700508252042,1512.0,True,0.030010345337783476,0.035327358308955795,6.938893903907227e-16
27.187127817570513,544.8549756853877,stable,0.6104050810579106,1497.6000000000001,True,0.02992317005174262,0.035147352215109486,5.551115123125783e-16
36.956995948445815,544.8549756853877,stable,0.6076645121674943,1483.2,True,0.029801207365969258,0.03492421196059707,6.308085367188389e-16
50.2377286301916,544.8549756853877,stable,0.603971542416068,1468.8,True,0.029628882828070753,0.03466428382719977,1.0092936587501424e-15
68.29097747667203,544.8549756853877,stable,0.5986240635471033,1440.0,True,0.029382519687425095,0.0343959102228072,6.938893903907228e-16
92.83177667225556,544.8549756853877,stable,0.5913348974466608,1411.2,True,0.029026019261859146,0.03418820733784947,7.5697024406260675e-16
126.19146889603861,544.8549756853877,stable,0.581252867815069,1382.4,True,0.028505483402419107,0.034169921935897074,1.0092936587501424e-15
171.53917971817893,544.8549756853877,stable,0.5671795493902186,1353.6000000000001,True,0.027744615810053216,0.034529809092183145,6.938893903907227e-16
233.18288023596625,544.8549756853877,stable,0.5478413045016601,1339.2,True,0.026644952248289038,0.035484481398432986,7.5697024406260675e-16
316.97863849222284,544.8549756853877,stable,0.5211651134403454,1324.8,True,0.025098545084842615,0.03722358577138092,5.551115123125783e-16
430.8869380063765,544.8549756853877,stable,0.4864812551690073,1339.2,True,0.023030016532040704,0.03984787305038389,8.831319514063745e-16
585.7289129250476,544.8549756853877,stable,0.4440286184044182,1353.6000000000001,True,0.02049071948796539,0.0432625486687947,5.046468293750712e-16
796.2143411069948,544.8549756853877,stable,0.3989044735286183,1382.4,True,0.01776999193050355,0.047004326422960596,1.1102230246251565e-15
1082.3390530929275,544.8549756853877,stable,0.3582959335319835,1396.8,True,0.015341913972722155,0.050240950814395315,8.831319514063745e-16
1471.2845089192829,544.8549756853877,stable,0.32851845405747887,1411.2,True,0.013574634816201523,0.0522945006807733,9.71445146547012e-16
2000.0,544.8549756853877,stable,0.311063534926858,1425.6000000000001,True,0.012548210095807177,0.05320096674137233,7.5697024406260675e-16
20.0,834.6242608806184,stable,0.6132198331900275,1526.4,True,0.03001276779513023,0.03573312034588802,6.938893903907228e-16
27.187127817570513,834.6242608806184,stable,0.6113256344133002,1512.0,True,0.029927603209825793,0.03568734717840203,7.5697024406260675e-16
36.956995948445815,834.6242608806184,stable,0.609122854633978,1512.0,True,0.029809222673791463,0.03563690211963528,5.046468293750712e-16
50.2377286301916,834.6242608806184,stable,0.6057610574268016,1497.6000000000001,True,0.029643163395794356,0.03559429592686876,8.831319514063744e-16
68.29097747667203,834.6242608806184,stable,0.6008735295515103,1468.8,True,0.029407484004462057,0.03559172995260583,6.30808536718839e-16
92.83177667225556,834.6242608806184,stable,0.5945201199586722,1454.4,True,0.029068631589721595,0.03569908017636156,1.13545536609391e-15
126.19146889603861,834.6242608806184,stable,0.585614183841652,1440.0,True,0.028576232593318134,0.036045557230983884,9.714451465470118e-16
171.53917971817893,834.6242608806184,stable,0.5730573622895838,1425.6000000000001,True,0.02785888407915688,0.03683101601262871,5.046468293750712e-16
233.18288023596625,834.6242608806184,stable,0.5554452528501408,1411.2,True,0.026825337945490507,0.03831009513275647,6.308085367188389e-16
316.97863849222284,834.6242608806184,stable,0.5318775820814937,1425.6000000000001,True,0.025378388546162357,0.04074987632254192,6.308085367188389e-16
430.8869380063765,834.6242608806184,stable,0.5011218525453089,1454.4,True,0.023455314930551883,0.0443582177412058,1.1102230246251565e-15
585.7289129250476,834.6242608806184,stable,0.4638692936638091,1483.2,True,0.02111171547870601,0.04911547479115532,9.71445146547012e-16
796.2143411069948,834.6242608806184,stable,0.4247538845280276,1526.4,True,0.01861680555568233,0.05446089718890175,8.831319514063745e-16
1082.3390530929275,834.6242608806184,stable,0.3900106694483415,1555.2,True,0.01641318539949406,0.059182442422318134,6.308085367188388e-16
1471.2845089192829,834.6242608806184,stable,0.36541137701872384,1584.0,True,0.014862766208139989,0.06217180471184943,1.13545536609391e-15
2000.0,834.6242608806184,stable,0.35176723146142774,1598.4,True,0.014026886401686372,0.06342498687571624,6.308085367188389e-16
20.0,1278.5010469515314,stable,0.6138719943500037,1540.8,True,0.030013755728480505,0.036067332107704575,9.71445146547012e-16
27.187127817570513,1278.5010469515314,stable,0.61241894641065,1540.8,True,0.02993003945810585,0.036136387593765064,5.551115123125783e-16
36.956995948445815,1278.5010469515314,stable,0.6101185039867488,1526.4,True,0.029814484859188865,0.03623691868093632,5.551115123125783e-16
50.2377286301916,1278.5010469515314,stable,0.6073485759711209,1526.4,True,0.029653735198329385,0.03638967751425365,5.551115123125783e-16
68.29097747667203,1278.5010469515314,stable,0.6031833680906108,1512.0,True,0.02942768147240447,0.03663447793939113,5.046468293750712e-16
92.83177667225556,1278.5010469515314,stable,0.597740945013569,1512.0,True,0.029105643432940823,0.03704719328369485,8.831319514063745e-16
126.19146889603861,1278.5010469515314,stable,0.589719467097547,1497.6000000000001,True,0.028641552176356118,0.03776358415295464,1.13545536609391e-15
171.53917971817893,1278.5010469515314,stable,0.5787537742278851,1497.6000000000001,True,0.027970401926118722,0.039000398485149114,8.326672684688674e-16
233.18288023596625,1278.5010469515314,stable,0.5636674477892993,1512.0,True,0.02701090764945764,0.04105911318462433,5.551115123125783e-16
316.97863849222284,1278.5010469515314,stable,0.543641140639158,1555.2,True,0.025681411713068994,0.0443050473089889,1.1354553660939102e-15
430.8869380063765,1278.5010469515314,stable,0.5176659355672759,1598.4,True,0.02393955751177782,0.04909938354438769,5.551115123125783e-16
585.7289129250476,1278.5010469515314,stable,0.48772138191024866,1670.4,True,0.021854235146595704,0.05556912544027448,5.551115123125783e-16
796.2143411069948,1278.5010469515314,stable,0.45683709577513354,1728.0,True,0.019675718979627912,0.0630935091361468,8.326672684688674e-16
1082.3390530929275,1278.5010469515314,stable,0.4306085688142219,1785.6000000000001,True,0.017789206459140845,0.06996456508870466,6.308085367188389e-16
1471.2845089192829,1278.5010469515314,stable,0.4121616286792991,1814.4,True,0.01649722832271903,0.0744076755527413,5.551115123125783e-16
2000.0,1278.5010469515314,stable,0.4020714594352556,1828.8,True,0.015823069863003605,0.07627466532873697,5.551115123125783e-16
20.0,1958.4440612012884,stable,0.6143390110153466,1555.2,True,0.030008692806200055,0.03632640854262888,5.551115123125783e-16
27.187127817570513,1958.4440612012884,stable,0.612961482669926,1555.2,True,0.02992406247213992,0.036487608500721434,5.551115123125783e-16
36.956995948445815,1958.4440612012884,stable,0.6110758254451423,1555.2,True,0.029808020562762595,0.03671179498862875,8.326672684688674e-16
50.2377286301916,1958.4440612012884,stable,0.608482579160409,1555.2,True,0.029647953519709735,0.0370288420951207,4.163336342344336e-16
68.29097747667203,1958.4440612012884,stable,0.6048916590942341,1555.2,True,0.0294251587929563,0.03748870640746583,5.046468293750712e-16
92.83177667225556,1958.4440612012884,stable,0.6001766258978608,1569.6000000000001,True,0.02911142049829507,0.03817795738973632,4.163336342344337e-16
126.19146889603861,1958.4440612012884,stable,0.5931223845021066,1569.6000000000001,True,0.02866473221816062,0.03924524406561865,1.13545536609391e-15
171.53917971817893,1958.4440612012884,stable,0.5838074115022234,1598.4,True,0.02802664663174344,0.040931712054269535,1.0092936587501424e-15
233.18288023596625,1958.4440612012884,stable,0.5710102323794315,1641.6000000000001,True,0.027126767434166546,0.04359580918029714,5.551115123125783e-16
316.97863849222284,1958.4440612012884,stable,0.5540623527450388,1699.2,True,0.025901581483306676,0.0477238115416607,5.046468293750712e-16
430.8869380063765,1958.4440612012884,stable,0.5335373326887617,1785.6000000000001,True,0.024334781221464145,0.05388576440655901,7.569702440626067e-16
585.7289129250476,1958.4440612012884,stable,0.5111686156636113,1886.4,True,0.022517379321545093,0.06246033289959227,8.326672684688674e-16
796.2143411069948,1958.4440612012884,stable,0.49035827468752513,1987.2,True,0.020685329541680286,0.07285955997159918,9.71445146547012e-16
1082.3390530929275,1958.4440612012884,stable,0.47414759723294864,2073.6,True,0.01915010748362633,0.08276162438052435,6.938893903907227e-16
1471.2845089192829,1958.4440612012884,stable,0.4629615912224447,2116.8,True,0.018122156235433357,0.08936537124487659,8.326672684688674e-16
2000.0,1958.4440612012884,stable,0.4566526835845728,2145.6,True,0.017587166759488133,0.09218339680263989,1.249000902703301e-15
20.0,3000.0,stable,0.6145149201169051,1569.6000000000001,True,0.029991343950760155,0.03651775461815128,6.308085367188389e-16
27.187127817570513,3000.0,stable,0.6131039438723244,1569.6000000000001,True,0.029901019095306857,0.036749046144563695,1.13545536609391e-15
36.956995948445815,3000.0,stable,0.6114822508055099,1584.0,True,0.02977773120764281,0.03706894678109684,5.046468293750712e-16
50.2377286301916,3000.0,stable,0.6088573154707944,1584.0,True,0.029608758932532904,0.037516226960318956,6.308085367188388e-16
68.29097747667203,3000.0,stable,0.6055540555444489,1598.4,True,0.029375627426336787,0.03815170817580921,5.046468293750712e-16
92.83177667225556,3000.0,stable,0.6008759366235908,1612.8,True,0.02905102882116338,0.03907535912321627,8.831319514063745e-16
126.19146889603861,3000.0,stable,0.5945641148435442,1641.6000000000001,True,0.028595068119621952,0.04045369485752544,6.308085367188389e-16
171.53917971817893,3000.0,stable,0.5859040276161905,1684.8,True,0.027953473476730783,0.04255890814023287,7.5697024406260675e-16
233.18288023596625,3000.0,stable,0.574487897269173,1756.8,True,0.027063919518016587,0.04581640319421245,5.046468293750712e-16
316.97863849222284,3000.0,stable,0.5600735901231697,1857.6000000000001,True,0.02587845996526794,0.05085578730644296,4.1633363423443355e-16
430.8869380063765,3000.0,stable,0.5436869893197882,1987.2,True,0.024407288018022937,0.05851760101536402,6.938893903907228e-16
585.7289129250476,3000.0,stable,0.528292447924976,2145.6,True,0.022771042478123303,0.06957276000849628,8.831319514063745e-16
796.2143411069948,3000.0,stable,0.5171951924617856,2304.0,True,0.021205117836578014,0.08364661206542394,8.326672684688671e-16
1082.3390530929275,3000.0,stable,0.5112965891533398,2433.6,True,0.019957604763388294,0.09772983661527096,6.30808536718839e-16
1471.2845089192829,3000.0,stable,0.5078438181073544,2505.6,True,0.01914861784032869,0.10748576133682157,1.1102230246251565e-15
2000.0,3000.0,stable,0.5050383536778049,2534.4,True,0.018727555452211806,0.11173589368784334,6.308085367188389e-16
